observation_id,timestamp_utc,site_code,temperature_c,relative_humidity_pct,soil_moisture_pct,crop_stage,crop_type,observation_source,consent_status,synchronization_status,approximate_region,notes
636f6efc-5d0b-5fbb-9b49-aeb820409a9e,2026-04-01T00:00:00Z,DEMO-001,21.2,90.1,46.0,vegetative,demonstration crop,synthetic,not_required_synthetic,synchronized,Synthetic demonstration region,SYNTHETIC DATA — normal scenario
4934b056-3a2e-5774-a1ff-cfa071114ed9,2026-04-01T06:00:00Z,DEMO-001,28.7,70.3,44.4,vegetative,demonstration crop,synthetic,not_required_synthetic,synchronized,Synthetic demonstration region,SYNTHETIC DATA — normal scenario
6555e2de-f22d-5d31-b7cd-7a813ec2b544,2026-04-01T12:00:00Z,DEMO-001,34.2,55.7,46.1,vegetative,demonstration crop,synthetic,not_required_synthetic,synchronized,Synthetic demonstration region,SYNTHETIC DATA — normal scenario
cce61431-f1a8-59a3-8602-27b75c618f2a,2026-04-01T18:00:00Z,DEMO-001,28.1,73.6,46.8,vegetative,demonstration crop,synthetic,not_required_synthetic,synchronized,Synthetic demonstration region,SYNTHETIC DATA — normal scenario
5791f257-db1d-52ad-947d-ef4296603ab4,2026-04-02T00:00:00Z,DEMO-001,22.5,88.4,46.1,vegetative,demonstration crop,synthetic,not_required_synthetic,synchronized,Synthetic demonstration region,SYNTHETIC DATA — normal scenario
d9f61a30-67b1-5f08-b712-d7f9d820ff06,2026-04-02T06:00:00Z,DEMO-001,28.2,73.9,44.2,vegetative,demonstration crop,synthetic,not_required_synthetic,synchronized,Synthetic demonstration region,SYNTHETIC DATA — normal scenario
50d68ff5-bb72-5144-a02c-cb18c3ad836a,2026-04-02T12:00:00Z,DEMO-001,33.9,55.1,47.0,vegetative,demonstration crop,synthetic,not_required_synthetic,synchronized,Synthetic demonstration region,SYNTHETIC DATA — normal scenario
953b0448-7fd4-526c-b550-83dec2fe94c8,2026-04-02T18:00:00Z,DEMO-001,28.4,70.5,44.5,vegetative,demonstration crop,synthetic,not_required_synthetic,synchronized,Synthetic demonstration region,SYNTHETIC DATA — normal scenario
a516bcff-5387-5896-ba7e-cb5e094fe3c4,2026-04-03T00:00:00Z,DEMO-001,23.0,91.8,47.3,vegetative,demonstration crop,synthetic,not_required_synthetic,synchronized,Synthetic demonstration region,SYNTHETIC DATA — normal scenario
086fd690-1eb3-5721-a435-25f34c4ccac6,2026-04-03T06:00:00Z,DEMO-001,29.0,69.5,45.6,vegetative,demonstration crop,synthetic,not_required_synthetic,synchronized,Synthetic demonstration region,SYNTHETIC DATA — normal scenario
b6320335-f840-5058-b53e-d69d62e09b57,2026-04-03T12:00:00Z,DEMO-001,33.7,52.8,45.7,vegetative,demonstration crop,synthetic,not_required_synthetic,synchronized,Synthetic demonstration region,SYNTHETIC DATA — normal scenario
cafcb312-004e-5c0f-8c75-dbd5a178f8b6,2026-04-03T18:00:00Z,DEMO-001,27.9,73.2,47.0,vegetative,demonstration crop,synthetic,not_required_synthetic,synchronized,Synthetic demonstration region,SYNTHETIC DATA — normal scenario
0c14c2b6-6fc4-59cd-958e-595c2f76b832,2026-04-04T00:00:00Z,DEMO-001,22.2,91.3,43.5,vegetative,demonstration crop,synthetic,not_required_synthetic,synchronized,Synthetic demonstration region,SYNTHETIC DATA — normal scenario
45cd27f7-47ef-5036-ad86-a4b376be894f,2026-04-04T06:00:00Z,DEMO-001,27.7,71.4,45.0,vegetative,demonstration crop,synthetic,not_required_synthetic,synchronized,Synthetic demonstration region,SYNTHETIC DATA — normal scenario
45a1122b-4060-512b-91c0-a94b7612088c,2026-04-04T12:00:00Z,DEMO-001,34.2,51.7,45.3,vegetative,demonstration crop,synthetic,not_required_synthetic,synchronized,Synthetic demonstration region,SYNTHETIC DATA — normal scenario
7c35c432-85a8-5f69-8f9b-6b6aae238283,2026-04-04T18:00:00Z,DEMO-001,28.0,72.6,46.3,vegetative,demonstration crop,synthetic,not_required_synthetic,synchronized,Synthetic demonstration region,SYNTHETIC DATA — normal scenario
9a95af09-bc27-52e4-9942-7bf095562d5f,2026-04-05T00:00:00Z,DEMO-001,22.0,88.6,46.9,vegetative,demonstration crop,synthetic,not_required_synthetic,synchronized,Synthetic demonstration region,SYNTHETIC DATA — normal scenario
eabb8f70-5032-59e4-ab1a-710ba840d5cb,2026-04-05T06:00:00Z,DEMO-001,27.8,71.9,46.9,vegetative,demonstration crop,synthetic,not_required_synthetic,synchronized,Synthetic demonstration region,SYNTHETIC DATA — normal scenario
ad373cc3-0be4-5da5-a467-e732f5e92fff,2026-04-05T12:00:00Z,DEMO-001,34.0,52.3,43.2,vegetative,demonstration crop,synthetic,not_required_synthetic,synchronized,Synthetic demonstration region,SYNTHETIC DATA — normal scenario
9ed64de7-3bfc-553a-861e-9b344a41d4e2,2026-04-05T18:00:00Z,DEMO-001,27.3,73.2,43.2,vegetative,demonstration crop,synthetic,not_required_synthetic,synchronized,Synthetic demonstration region,SYNTHETIC DATA — normal scenario
bdfd3a06-901e-5498-9777-6ba8431211e5,2026-04-06T00:00:00Z,DEMO-001,22.8,90.7,43.4,vegetative,demonstration crop,synthetic,not_required_synthetic,synchronized,Synthetic demonstration region,SYNTHETIC DATA — normal scenario
b74b05ff-0f1f-57c3-868f-68bd24beb33d,2026-04-06T06:00:00Z,DEMO-001,27.9,70.4,44.9,vegetative,demonstration crop,synthetic,not_required_synthetic,synchronized,Synthetic demonstration region,SYNTHETIC DATA — normal scenario
dcfe5db1-4797-5078-886e-68e76fcdf07b,2026-04-06T12:00:00Z,DEMO-001,34.8,53.7,45.4,vegetative,demonstration crop,synthetic,not_required_synthetic,synchronized,Synthetic demonstration region,SYNTHETIC DATA — normal scenario
172f8f15-957f-529f-9fbd-4ff92ff0c89c,2026-04-06T18:00:00Z,DEMO-001,27.9,74.9,46.6,vegetative,demonstration crop,synthetic,not_required_synthetic,synchronized,Synthetic demonstration region,SYNTHETIC DATA — normal scenario
5679076e-7bd1-5f3b-875e-b2a1665af97e,2026-04-07T00:00:00Z,DEMO-001,22.1,91.0,45.0,vegetative,demonstration crop,synthetic,not_required_synthetic,synchronized,Synthetic demonstration region,SYNTHETIC DATA — normal scenario
195264a0-a29b-590e-8aa6-6da2e5e51d19,2026-04-07T06:00:00Z,DEMO-001,27.6,72.0,45.9,vegetative,demonstration crop,synthetic,not_required_synthetic,synchronized,Synthetic demonstration region,SYNTHETIC DATA — normal scenario
d30df3d5-9f84-5224-a6ab-278d87f26b13,2026-04-07T12:00:00Z,DEMO-001,34.0,53.6,46.2,vegetative,demonstration crop,synthetic,not_required_synthetic,synchronized,Synthetic demonstration region,SYNTHETIC DATA — normal scenario
d776ea77-cbb1-5a2a-b049-2cfa8bff237f,2026-04-07T18:00:00Z,DEMO-001,27.6,69.2,43.7,vegetative,demonstration crop,synthetic,not_required_synthetic,synchronized,Synthetic demonstration region,SYNTHETIC DATA — normal scenario
05f81720-1421-50c8-aa27-5e42e0dd8980,2026-04-08T00:00:00Z,DEMO-001,22.3,89.7,45.0,vegetative,demonstration crop,synthetic,not_required_synthetic,synchronized,Synthetic demonstration region,SYNTHETIC DATA — normal scenario
e373b9e9-197b-53d3-ae7c-19f93790b61a,2026-04-08T06:00:00Z,DEMO-001,28.0,74.5,44.5,vegetative,demonstration crop,synthetic,not_required_synthetic,synchronized,Synthetic demonstration region,SYNTHETIC DATA — normal scenario
2e2307f6-a193-51e2-a831-6d566e5b9dff,2026-04-08T12:00:00Z,DEMO-001,33.5,54.1,44.4,vegetative,demonstration crop,synthetic,not_required_synthetic,synchronized,Synthetic demonstration region,SYNTHETIC DATA — normal scenario
ee251788-7db4-5ef3-ac9f-41af02144c3a,2026-04-08T18:00:00Z,DEMO-001,28.7,72.3,45.7,vegetative,demonstration crop,synthetic,not_required_synthetic,synchronized,Synthetic demonstration region,SYNTHETIC DATA — normal scenario
bed364b4-87b2-5553-9b71-b9fd0eabe28e,2026-04-09T00:00:00Z,DEMO-001,22.8,88.9,45.7,vegetative,demonstration crop,synthetic,not_required_synthetic,synchronized,Synthetic demonstration region,SYNTHETIC DATA — normal scenario
6ad8f457-3642-5110-8755-b1fa45431b2c,2026-04-09T06:00:00Z,DEMO-001,28.8,73.1,42.7,vegetative,demonstration crop,synthetic,not_required_synthetic,synchronized,Synthetic demonstration region,SYNTHETIC DATA — normal scenario
6c6dea9f-fcb6-5592-a05f-86ee9bbd21ed,2026-04-09T12:00:00Z,DEMO-001,34.6,53.7,44.4,vegetative,demonstration crop,synthetic,not_required_synthetic,synchronized,Synthetic demonstration region,SYNTHETIC DATA — normal scenario
430713fe-05d6-50ac-ba25-33987685fb01,2026-04-09T18:00:00Z,DEMO-001,28.9,74.1,46.1,vegetative,demonstration crop,synthetic,not_required_synthetic,synchronized,Synthetic demonstration region,SYNTHETIC DATA — normal scenario
90cb2cdd-2264-56a4-828d-3c2b9bf310ee,2026-04-10T00:00:00Z,DEMO-001,22.0,88.6,42.5,vegetative,demonstration crop,synthetic,not_required_synthetic,synchronized,Synthetic demonstration region,SYNTHETIC DATA — normal scenario
60748bd8-d625-521e-bbbe-df97e12a67b2,2026-04-10T06:00:00Z,DEMO-001,28.0,73.5,42.5,vegetative,demonstration crop,synthetic,not_required_synthetic,synchronized,Synthetic demonstration region,SYNTHETIC DATA — normal scenario
bc5d98f5-6d2c-5842-b3ad-4f50dbbbdfc1,2026-04-10T12:00:00Z,DEMO-001,33.8,51.1,43.9,vegetative,demonstration crop,synthetic,not_required_synthetic,synchronized,Synthetic demonstration region,SYNTHETIC DATA — normal scenario
9159d86f-8f08-5290-8589-b66a6da43bdb,2026-04-10T18:00:00Z,DEMO-001,27.0,74.6,44.4,vegetative,demonstration crop,synthetic,not_required_synthetic,synchronized,Synthetic demonstration region,SYNTHETIC DATA — normal scenario
aeb6af9d-7c38-57d0-b03a-6bbaee48d45e,2026-04-11T00:00:00Z,DEMO-001,21.2,88.5,45.2,vegetative,demonstration crop,synthetic,not_required_synthetic,synchronized,Synthetic demonstration region,SYNTHETIC DATA — normal scenario
07e9523e-97d6-5244-88d1-fca75fe0480d,2026-04-11T06:00:00Z,DEMO-001,28.2,74.7,45.0,vegetative,demonstration crop,synthetic,not_required_synthetic,synchronized,Synthetic demonstration region,SYNTHETIC DATA — normal scenario
04daffab-b242-59eb-9f5f-1a7aa10108bd,2026-04-11T12:00:00Z,DEMO-001,34.3,51.9,44.4,vegetative,demonstration crop,synthetic,not_required_synthetic,synchronized,Synthetic demonstration region,SYNTHETIC DATA — normal scenario
b5675945-7a83-5572-8261-c7034c670dc5,2026-04-11T18:00:00Z,DEMO-001,27.6,73.6,44.2,vegetative,demonstration crop,synthetic,not_required_synthetic,synchronized,Synthetic demonstration region,SYNTHETIC DATA — normal scenario
738a89a4-4edd-5340-ab77-2445839b98dd,2026-04-12T00:00:00Z,DEMO-001,22.9,91.3,43.8,vegetative,demonstration crop,synthetic,not_required_synthetic,synchronized,Synthetic demonstration region,SYNTHETIC DATA — normal scenario
01041ac2-9a0c-5e2f-8a2b-06230be7aa33,2026-04-12T06:00:00Z,DEMO-001,27.3,72.5,42.6,vegetative,demonstration crop,synthetic,not_required_synthetic,synchronized,Synthetic demonstration region,SYNTHETIC DATA — normal scenario
263a6ba6-99a3-57e3-bb32-dc0493e16398,2026-04-12T12:00:00Z,DEMO-001,34.9,54.0,45.2,vegetative,demonstration crop,synthetic,not_required_synthetic,synchronized,Synthetic demonstration region,SYNTHETIC DATA — normal scenario
ef1bd8ba-6c4f-5c0c-8e51-6d375ce2d063,2026-04-12T18:00:00Z,DEMO-001,27.2,74.6,44.3,vegetative,demonstration crop,synthetic,not_required_synthetic,synchronized,Synthetic demonstration region,SYNTHETIC DATA — normal scenario
5ce31777-4d5d-5c3f-a179-17aa8c7ed282,2026-04-13T00:00:00Z,DEMO-001,22.6,88.8,45.3,vegetative,demonstration crop,synthetic,not_required_synthetic,synchronized,Synthetic demonstration region,SYNTHETIC DATA — normal scenario
a51e3190-5b77-5c78-b199-293b22391695,2026-04-13T06:00:00Z,DEMO-001,27.8,72.1,44.8,vegetative,demonstration crop,synthetic,not_required_synthetic,synchronized,Synthetic demonstration region,SYNTHETIC DATA — normal scenario
d18483a3-41a7-5424-8b07-091fe1408b9c,2026-04-13T12:00:00Z,DEMO-001,33.4,51.6,41.6,vegetative,demonstration crop,synthetic,not_required_synthetic,synchronized,Synthetic demonstration region,SYNTHETIC DATA — normal scenario
64346cac-c615-5cd3-8f17-bcb5babb7d5e,2026-04-13T18:00:00Z,DEMO-001,28.8,71.1,41.7,vegetative,demonstration crop,synthetic,not_required_synthetic,synchronized,Synthetic demonstration region,SYNTHETIC DATA — normal scenario
c917c942-cf1c-5d03-8673-451a4b4bb675,2026-04-14T00:00:00Z,DEMO-001,21.7,87.2,44.5,vegetative,demonstration crop,synthetic,not_required_synthetic,synchronized,Synthetic demonstration region,SYNTHETIC DATA — normal scenario
d0f6726a-3f97-5c2f-8df4-c255b5b8c5e8,2026-04-14T06:00:00Z,DEMO-001,28.0,70.8,42.7,vegetative,demonstration crop,synthetic,not_required_synthetic,synchronized,Synthetic demonstration region,SYNTHETIC DATA — normal scenario
efebe675-5ca5-5b48-bbc5-b5dd51d1f682,2026-04-14T12:00:00Z,DEMO-001,33.7,56.7,41.8,vegetative,demonstration crop,synthetic,not_required_synthetic,synchronized,Synthetic demonstration region,SYNTHETIC DATA — normal scenario
003f3802-ff43-57eb-8dbf-f715a2c16eba,2026-04-14T18:00:00Z,DEMO-001,28.1,69.9,44.5,vegetative,demonstration crop,synthetic,not_required_synthetic,synchronized,Synthetic demonstration region,SYNTHETIC DATA — normal scenario
65acb68a-e2af-5d91-9677-6ea8dbd4d6a4,2026-04-15T00:00:00Z,DEMO-001,22.0,89.0,42.9,vegetative,demonstration crop,synthetic,not_required_synthetic,synchronized,Synthetic demonstration region,SYNTHETIC DATA — normal scenario
cba16f0f-cfb7-5c95-a8f0-a31a19eb5fcb,2026-04-15T06:00:00Z,DEMO-001,28.2,69.4,43.9,vegetative,demonstration crop,synthetic,not_required_synthetic,synchronized,Synthetic demonstration region,SYNTHETIC DATA — normal scenario
c2db5877-46b8-5227-8855-2b019fb9754e,2026-04-15T12:00:00Z,DEMO-001,33.8,56.5,41.9,vegetative,demonstration crop,synthetic,not_required_synthetic,synchronized,Synthetic demonstration region,SYNTHETIC DATA — normal scenario
91b7f7c7-f496-573e-adb1-89d1f46d3702,2026-04-15T18:00:00Z,DEMO-001,27.1,74.0,43.2,vegetative,demonstration crop,synthetic,not_required_synthetic,synchronized,Synthetic demonstration region,SYNTHETIC DATA — normal scenario
c9272ac2-37b2-5572-84f0-3fea3cdd6bd0,2026-04-16T00:00:00Z,DEMO-001,21.9,88.1,44.0,flowering,demonstration crop,synthetic,not_required_synthetic,synchronized,Synthetic demonstration region,SYNTHETIC DATA — normal scenario
aab24e9f-a875-577c-b15e-6a55d597ddbf,2026-04-16T06:00:00Z,DEMO-001,28.4,69.8,44.5,flowering,demonstration crop,synthetic,not_required_synthetic,synchronized,Synthetic demonstration region,SYNTHETIC DATA — normal scenario
14c64486-afae-5913-a1ce-6fbaeaa411eb,2026-04-16T12:00:00Z,DEMO-001,34.1,54.1,44.0,flowering,demonstration crop,synthetic,not_required_synthetic,synchronized,Synthetic demonstration region,SYNTHETIC DATA — normal scenario
506c9883-0e54-5ec0-8d34-c4c7b14d8e32,2026-04-16T18:00:00Z,DEMO-001,28.9,74.1,41.5,flowering,demonstration crop,synthetic,not_required_synthetic,synchronized,Synthetic demonstration region,SYNTHETIC DATA — normal scenario
d1af155f-d0e0-5be1-8c64-40ac1453a9d4,2026-04-17T00:00:00Z,DEMO-001,21.8,89.5,42.5,flowering,demonstration crop,synthetic,not_required_synthetic,synchronized,Synthetic demonstration region,SYNTHETIC DATA — normal scenario
e02cc3a6-64ab-5fb0-8e22-aedaa51d7662,2026-04-17T06:00:00Z,DEMO-001,27.2,71.1,42.0,flowering,demonstration crop,synthetic,not_required_synthetic,synchronized,Synthetic demonstration region,SYNTHETIC DATA — normal scenario
2e06dff9-18c1-5989-8403-5ba80d1f9a26,2026-04-17T12:00:00Z,DEMO-001,33.5,55.7,42.7,flowering,demonstration crop,synthetic,not_required_synthetic,synchronized,Synthetic demonstration region,SYNTHETIC DATA — normal scenario
196f33b0-4ae9-5426-a7f3-4afa9ff95914,2026-04-17T18:00:00Z,DEMO-001,27.8,71.0,42.5,flowering,demonstration crop,synthetic,not_required_synthetic,synchronized,Synthetic demonstration region,SYNTHETIC DATA — normal scenario
3016812f-0e0d-55d5-a44a-9e37ee24d394,2026-04-18T00:00:00Z,DEMO-001,22.0,91.8,41.1,flowering,demonstration crop,synthetic,not_required_synthetic,synchronized,Synthetic demonstration region,SYNTHETIC DATA — normal scenario
dc499c4f-6092-5654-a334-6a85211d38d7,2026-04-18T06:00:00Z,DEMO-001,28.6,74.1,43.8,flowering,demonstration crop,synthetic,not_required_synthetic,synchronized,Synthetic demonstration region,SYNTHETIC DATA — normal scenario
3a8ded16-636a-517a-9198-374df5c578bf,2026-04-18T12:00:00Z,DEMO-001,33.5,56.3,44.3,flowering,demonstration crop,synthetic,not_required_synthetic,synchronized,Synthetic demonstration region,SYNTHETIC DATA — normal scenario
3ad987a1-2cab-5448-a267-396e84d82622,2026-04-18T18:00:00Z,DEMO-001,28.3,73.7,42.1,flowering,demonstration crop,synthetic,not_required_synthetic,synchronized,Synthetic demonstration region,SYNTHETIC DATA — normal scenario
d81fa8b8-0c5b-5466-818e-003c88b972ef,2026-04-19T00:00:00Z,DEMO-001,22.7,92.8,43.1,flowering,demonstration crop,synthetic,not_required_synthetic,synchronized,Synthetic demonstration region,SYNTHETIC DATA — normal scenario
7d760b07-1b66-5610-9ca4-dbdf607d86c9,2026-04-19T06:00:00Z,DEMO-001,27.7,72.4,41.0,flowering,demonstration crop,synthetic,not_required_synthetic,synchronized,Synthetic demonstration region,SYNTHETIC DATA — normal scenario
e5b697d6-5300-5a57-bb06-21b1420bc13d,2026-04-19T12:00:00Z,DEMO-001,34.1,51.7,42.5,flowering,demonstration crop,synthetic,not_required_synthetic,synchronized,Synthetic demonstration region,SYNTHETIC DATA — normal scenario
e3c80466-906f-5c6e-90bd-5465efadf4bc,2026-04-19T18:00:00Z,DEMO-001,28.4,72.4,42.5,flowering,demonstration crop,synthetic,not_required_synthetic,synchronized,Synthetic demonstration region,SYNTHETIC DATA — normal scenario
442884ac-5a2a-571d-956d-e039ec74d639,2026-04-20T00:00:00Z,DEMO-001,21.4,88.6,41.4,flowering,demonstration crop,synthetic,not_required_synthetic,synchronized,Synthetic demonstration region,SYNTHETIC DATA — normal scenario
22447426-a8d8-5ee1-b01f-546c6efc6ea5,2026-04-20T06:00:00Z,DEMO-001,28.1,70.6,40.6,flowering,demonstration crop,synthetic,not_required_synthetic,synchronized,Synthetic demonstration region,SYNTHETIC DATA — normal scenario
e75821c8-24e8-5565-8843-69f5cc072393,2026-04-20T12:00:00Z,DEMO-001,34.9,55.1,40.8,flowering,demonstration crop,synthetic,not_required_synthetic,synchronized,Synthetic demonstration region,SYNTHETIC DATA — normal scenario
2466a101-6bfc-5acf-9c29-41265f8dabae,2026-04-20T18:00:00Z,DEMO-001,28.5,70.1,42.9,flowering,demonstration crop,synthetic,not_required_synthetic,synchronized,Synthetic demonstration region,SYNTHETIC DATA — normal scenario
15016746-eea7-5b87-8462-e09590ea94b9,2026-04-21T00:00:00Z,DEMO-001,22.3,88.7,42.0,flowering,demonstration crop,synthetic,not_required_synthetic,synchronized,Synthetic demonstration region,SYNTHETIC DATA — normal scenario
878fbcae-e6b2-54c8-81c1-6d4b92ed3da3,2026-04-21T06:00:00Z,DEMO-001,28.7,70.9,41.1,flowering,demonstration crop,synthetic,not_required_synthetic,synchronized,Synthetic demonstration region,SYNTHETIC DATA — normal scenario
35eed801-a470-5ea1-bb5b-fee4249cc163,2026-04-21T12:00:00Z,DEMO-001,33.5,53.5,40.2,flowering,demonstration crop,synthetic,not_required_synthetic,synchronized,Synthetic demonstration region,SYNTHETIC DATA — normal scenario
eb8922e8-2ef6-584d-9d8e-396595632e4f,2026-04-21T18:00:00Z,DEMO-001,28.8,71.5,43.0,flowering,demonstration crop,synthetic,not_required_synthetic,synchronized,Synthetic demonstration region,SYNTHETIC DATA — normal scenario
2ceb9605-9e9f-544e-a897-e79c9b63105e,2026-04-22T00:00:00Z,DEMO-001,21.0,87.1,40.2,flowering,demonstration crop,synthetic,not_required_synthetic,synchronized,Synthetic demonstration region,SYNTHETIC DATA — normal scenario
859fc691-df8d-5e13-8d63-2375985f4434,2026-04-22T06:00:00Z,DEMO-001,27.2,72.5,42.5,flowering,demonstration crop,synthetic,not_required_synthetic,synchronized,Synthetic demonstration region,SYNTHETIC DATA — normal scenario
908c8927-bce9-5efd-8ffe-df44912a51b6,2026-04-22T12:00:00Z,DEMO-001,34.9,55.7,41.1,flowering,demonstration crop,synthetic,not_required_synthetic,synchronized,Synthetic demonstration region,SYNTHETIC DATA — normal scenario
4ac5107e-3398-5ea2-a3b2-01c398566294,2026-04-22T18:00:00Z,DEMO-001,28.2,72.7,42.3,flowering,demonstration crop,synthetic,not_required_synthetic,synchronized,Synthetic demonstration region,SYNTHETIC DATA — normal scenario
ba7a2eda-49d9-50df-a1ca-ba8fd41384e4,2026-04-23T00:00:00Z,DEMO-001,22.8,88.3,40.9,flowering,demonstration crop,synthetic,not_required_synthetic,synchronized,Synthetic demonstration region,SYNTHETIC DATA — normal scenario
fdd1f23b-3164-567b-8a62-6f4311608970,2026-04-23T06:00:00Z,DEMO-001,27.9,74.3,43.5,flowering,demonstration crop,synthetic,not_required_synthetic,synchronized,Synthetic demonstration region,SYNTHETIC DATA — normal scenario
48fa2a9d-45c5-5e58-ad7b-44da9635351d,2026-04-23T12:00:00Z,DEMO-001,34.4,55.1,42.9,flowering,demonstration crop,synthetic,not_required_synthetic,synchronized,Synthetic demonstration region,SYNTHETIC DATA — normal scenario
e72fa04a-9299-533f-9405-4b14a79355c2,2026-04-23T18:00:00Z,DEMO-001,28.8,74.7,41.0,flowering,demonstration crop,synthetic,not_required_synthetic,synchronized,Synthetic demonstration region,SYNTHETIC DATA — normal scenario
27c63a7e-6291-58ed-b82a-559a9ee2bccd,2026-04-24T00:00:00Z,DEMO-001,21.7,89.6,42.3,flowering,demonstration crop,synthetic,not_required_synthetic,synchronized,Synthetic demonstration region,SYNTHETIC DATA — normal scenario
87c773d7-6884-5518-b07a-0d9eab6271f9,2026-04-24T06:00:00Z,DEMO-001,27.0,70.7,42.1,flowering,demonstration crop,synthetic,not_required_synthetic,synchronized,Synthetic demonstration region,SYNTHETIC DATA — normal scenario
9b8d64b0-70fa-5fe3-aca9-ab4f9e1c2df5,2026-04-24T12:00:00Z,DEMO-001,34.9,51.7,42.5,flowering,demonstration crop,synthetic,not_required_synthetic,synchronized,Synthetic demonstration region,SYNTHETIC DATA — normal scenario
542b4a19-fa1b-561c-9835-9e1e7353c49e,2026-04-24T18:00:00Z,DEMO-001,28.5,74.4,40.5,flowering,demonstration crop,synthetic,not_required_synthetic,synchronized,Synthetic demonstration region,SYNTHETIC DATA — normal scenario
9e56b726-d107-5ad2-ab51-379c6bdd008d,2026-04-25T00:00:00Z,DEMO-001,22.1,90.4,40.6,flowering,demonstration crop,synthetic,not_required_synthetic,synchronized,Synthetic demonstration region,SYNTHETIC DATA — normal scenario
750b76a0-7b58-5e85-8b7d-857a2e25dfcf,2026-04-25T06:00:00Z,DEMO-001,28.4,72.7,39.6,flowering,demonstration crop,synthetic,not_required_synthetic,synchronized,Synthetic demonstration region,SYNTHETIC DATA — normal scenario
4a0c67a5-1316-5b81-82fb-5c6ab9d9d23c,2026-04-25T12:00:00Z,DEMO-001,33.2,53.1,39.6,flowering,demonstration crop,synthetic,not_required_synthetic,synchronized,Synthetic demonstration region,SYNTHETIC DATA — normal scenario
ed5a467f-57a9-56ac-9c9a-efa7d0774ced,2026-04-25T18:00:00Z,DEMO-001,28.3,69.2,41.7,flowering,demonstration crop,synthetic,not_required_synthetic,synchronized,Synthetic demonstration region,SYNTHETIC DATA — normal scenario
3ebcecac-60e3-5a00-b6eb-b05a867bfdf0,2026-04-26T00:00:00Z,DEMO-001,22.2,89.3,40.4,flowering,demonstration crop,synthetic,not_required_synthetic,synchronized,Synthetic demonstration region,SYNTHETIC DATA — normal scenario
59eb016f-04ea-58a6-b37b-0153da7998a1,2026-04-26T06:00:00Z,DEMO-001,27.5,70.3,40.6,flowering,demonstration crop,synthetic,not_required_synthetic,synchronized,Synthetic demonstration region,SYNTHETIC DATA — normal scenario
321b1aa7-dfbc-588c-832b-c29c09fd6120,2026-04-26T12:00:00Z,DEMO-001,33.3,55.0,41.1,flowering,demonstration crop,synthetic,not_required_synthetic,synchronized,Synthetic demonstration region,SYNTHETIC DATA — normal scenario
8767c425-9567-53a8-a586-a28cf9d4ea34,2026-04-26T18:00:00Z,DEMO-001,28.9,71.4,41.6,flowering,demonstration crop,synthetic,not_required_synthetic,synchronized,Synthetic demonstration region,SYNTHETIC DATA — normal scenario
5df348b8-9a7a-56c1-8485-530672ac0ca5,2026-04-27T00:00:00Z,DEMO-001,21.5,87.1,39.4,flowering,demonstration crop,synthetic,not_required_synthetic,synchronized,Synthetic demonstration region,SYNTHETIC DATA — normal scenario
bd9e903e-bb5b-5534-99fc-3280f60a2647,2026-04-27T06:00:00Z,DEMO-001,27.6,70.6,40.7,flowering,demonstration crop,synthetic,not_required_synthetic,synchronized,Synthetic demonstration region,SYNTHETIC DATA — normal scenario
dc09a444-0cbf-553f-83cc-70624b45b3bd,2026-04-27T12:00:00Z,DEMO-001,33.6,54.6,42.5,flowering,demonstration crop,synthetic,not_required_synthetic,synchronized,Synthetic demonstration region,SYNTHETIC DATA — normal scenario
45036412-2796-5033-accb-375828462665,2026-04-27T18:00:00Z,DEMO-001,28.7,72.9,40.9,flowering,demonstration crop,synthetic,not_required_synthetic,synchronized,Synthetic demonstration region,SYNTHETIC DATA — normal scenario
0e28da37-885e-5c7f-86c1-d7f8ca5c055d,2026-04-28T00:00:00Z,DEMO-001,22.9,88.6,40.7,flowering,demonstration crop,synthetic,not_required_synthetic,synchronized,Synthetic demonstration region,SYNTHETIC DATA — normal scenario
42e069ba-490c-558f-baaf-3fac88a5b1ab,2026-04-28T06:00:00Z,DEMO-001,28.3,70.9,41.6,flowering,demonstration crop,synthetic,not_required_synthetic,synchronized,Synthetic demonstration region,SYNTHETIC DATA — normal scenario
725ac973-b764-5701-81af-234f9721863a,2026-04-28T12:00:00Z,DEMO-001,34.3,56.9,38.5,flowering,demonstration crop,synthetic,not_required_synthetic,synchronized,Synthetic demonstration region,SYNTHETIC DATA — normal scenario
d1bb1197-79d4-54aa-a82a-0fff56335fdb,2026-04-28T18:00:00Z,DEMO-001,27.9,73.1,42.3,flowering,demonstration crop,synthetic,not_required_synthetic,synchronized,Synthetic demonstration region,SYNTHETIC DATA — normal scenario
d7720f2d-0d10-5f99-964e-abd8d45d7f20,2026-04-29T00:00:00Z,DEMO-001,22.7,92.4,42.1,flowering,demonstration crop,synthetic,not_required_synthetic,synchronized,Synthetic demonstration region,SYNTHETIC DATA — normal scenario
91709484-f821-51a4-abe6-855cf23dee74,2026-04-29T06:00:00Z,DEMO-001,27.8,74.7,42.3,flowering,demonstration crop,synthetic,not_required_synthetic,synchronized,Synthetic demonstration region,SYNTHETIC DATA — normal scenario
0b7f9fd4-9582-5013-8773-9c6320e991d3,2026-04-29T12:00:00Z,DEMO-001,33.5,53.1,41.6,flowering,demonstration crop,synthetic,not_required_synthetic,synchronized,Synthetic demonstration region,SYNTHETIC DATA — normal scenario
d8e6d4e5-84a6-5502-bd35-0ee4719de4e0,2026-04-29T18:00:00Z,DEMO-001,27.4,72.8,39.7,flowering,demonstration crop,synthetic,not_required_synthetic,synchronized,Synthetic demonstration region,SYNTHETIC DATA — normal scenario
6d9e8182-d3fe-5ca6-b2c6-eb312a2c1900,2026-04-30T00:00:00Z,DEMO-001,22.1,91.7,40.1,flowering,demonstration crop,synthetic,not_required_synthetic,synchronized,Synthetic demonstration region,SYNTHETIC DATA — normal scenario
0522866c-e9af-5257-ac96-6bbcf2c64a4c,2026-04-30T06:00:00Z,DEMO-001,28.2,72.8,38.9,flowering,demonstration crop,synthetic,not_required_synthetic,synchronized,Synthetic demonstration region,SYNTHETIC DATA — normal scenario
6bd9a9fc-a6e4-5121-974e-683894528d71,2026-04-30T12:00:00Z,DEMO-001,33.3,56.7,41.7,flowering,demonstration crop,synthetic,not_required_synthetic,synchronized,Synthetic demonstration region,SYNTHETIC DATA — normal scenario
e4100f0e-7feb-5851-848a-9432b23cba17,2026-04-30T18:00:00Z,DEMO-001,28.6,73.2,41.4,flowering,demonstration crop,synthetic,not_required_synthetic,synchronized,Synthetic demonstration region,SYNTHETIC DATA — normal scenario
4bd302d4-ca29-528d-9ee2-037222f03494,2026-04-01T00:00:00Z,DEMO-002,22.6,87.5,46.6,vegetative,demonstration crop,synthetic,not_required_synthetic,synchronized,Synthetic demonstration region,SYNTHETIC DATA — heat_stress scenario
c8fd44cf-2b19-5498-8dec-04700e432ca7,2026-04-01T06:00:00Z,DEMO-002,27.7,69.8,46.9,vegetative,demonstration crop,synthetic,not_required_synthetic,synchronized,Synthetic demonstration region,SYNTHETIC DATA — heat_stress scenario
86062811-18b4-5f66-8fbf-82d4351d428d,2026-04-01T12:00:00Z,DEMO-002,34.5,51.1,47.9,vegetative,demonstration crop,synthetic,not_required_synthetic,synchronized,Synthetic demonstration region,SYNTHETIC DATA — heat_stress scenario
34fba04f-939c-5e3e-a18d-b982d32dd24c,2026-04-01T18:00:00Z,DEMO-002,27.4,72.5,47.2,vegetative,demonstration crop,synthetic,not_required_synthetic,synchronized,Synthetic demonstration region,SYNTHETIC DATA — heat_stress scenario
0c6e7810-a292-5814-b348-0903dfdc4afb,2026-04-02T00:00:00Z,DEMO-002,22.1,89.3,47.6,vegetative,demonstration crop,synthetic,not_required_synthetic,synchronized,Synthetic demonstration region,SYNTHETIC DATA — heat_stress scenario
1cb5938e-e4ea-5f42-89f9-360d48a6da34,2026-04-02T06:00:00Z,DEMO-002,28.9,72.9,45.8,vegetative,demonstration crop,synthetic,not_required_synthetic,synchronized,Synthetic demonstration region,SYNTHETIC DATA — heat_stress scenario
b1b3fc6c-4170-57e4-9417-de4b01e0c5f3,2026-04-02T12:00:00Z,DEMO-002,33.3,51.5,45.7,vegetative,demonstration crop,synthetic,not_required_synthetic,synchronized,Synthetic demonstration region,SYNTHETIC DATA — heat_stress scenario
bbc5d891-c0b0-5a6a-8c1d-61381e16595d,2026-04-02T18:00:00Z,DEMO-002,28.5,70.6,45.0,vegetative,demonstration crop,synthetic,not_required_synthetic,synchronized,Synthetic demonstration region,SYNTHETIC DATA — heat_stress scenario
04b553b7-ce64-576c-b3ef-de02e7cf45a4,2026-04-03T00:00:00Z,DEMO-002,21.1,91.7,46.0,vegetative,demonstration crop,synthetic,not_required_synthetic,synchronized,Synthetic demonstration region,SYNTHETIC DATA — heat_stress scenario
e59d14f6-45ca-5fd6-8926-5021c7e3a37f,2026-04-03T06:00:00Z,DEMO-002,27.3,72.2,44.7,vegetative,demonstration crop,synthetic,not_required_synthetic,synchronized,Synthetic demonstration region,SYNTHETIC DATA — heat_stress scenario
b48d89c3-1343-5212-a02e-e3887fc102c5,2026-04-03T12:00:00Z,DEMO-002,33.7,52.1,47.4,vegetative,demonstration crop,synthetic,not_required_synthetic,synchronized,Synthetic demonstration region,SYNTHETIC DATA — heat_stress scenario
4a96a5e5-ba76-5b1a-9df0-cbbddd698eab,2026-04-03T18:00:00Z,DEMO-002,28.5,72.6,43.5,vegetative,demonstration crop,synthetic,not_required_synthetic,synchronized,Synthetic demonstration region,SYNTHETIC DATA — heat_stress scenario
0681d3e3-5b9b-5c05-b5c5-51776ca4a8c5,2026-04-04T00:00:00Z,DEMO-002,22.0,91.9,45.1,vegetative,demonstration crop,synthetic,not_required_synthetic,synchronized,Synthetic demonstration region,SYNTHETIC DATA — heat_stress scenario
60d25891-7801-5097-b8f3-563a9accca86,2026-04-04T06:00:00Z,DEMO-002,28.8,75.0,47.3,vegetative,demonstration crop,synthetic,not_required_synthetic,synchronized,Synthetic demonstration region,SYNTHETIC DATA — heat_stress scenario
31092ad9-3e92-5e72-875a-ad1b14293aa3,2026-04-04T12:00:00Z,DEMO-002,33.3,52.1,45.4,vegetative,demonstration crop,synthetic,not_required_synthetic,synchronized,Synthetic demonstration region,SYNTHETIC DATA — heat_stress scenario
e4f18e9a-a9cd-5277-ac6f-fad8e0e51f2d,2026-04-04T18:00:00Z,DEMO-002,28.1,74.3,43.9,vegetative,demonstration crop,synthetic,not_required_synthetic,synchronized,Synthetic demonstration region,SYNTHETIC DATA — heat_stress scenario
9d1bc446-6ac0-5592-b077-29a93d202895,2026-04-05T00:00:00Z,DEMO-002,22.0,90.9,46.7,vegetative,demonstration crop,synthetic,not_required_synthetic,synchronized,Synthetic demonstration region,SYNTHETIC DATA — heat_stress scenario
f3265260-78ec-56e1-a6fe-92cdbf2e8d63,2026-04-05T06:00:00Z,DEMO-002,27.0,71.2,44.6,vegetative,demonstration crop,synthetic,not_required_synthetic,synchronized,Synthetic demonstration region,SYNTHETIC DATA — heat_stress scenario
e37948ae-5d73-5106-a56f-b280b065c43c,2026-04-05T12:00:00Z,DEMO-002,33.4,54.7,43.7,vegetative,demonstration crop,synthetic,not_required_synthetic,synchronized,Synthetic demonstration region,SYNTHETIC DATA — heat_stress scenario
54dc0488-dab0-5840-8239-7cf037253dbe,2026-04-05T18:00:00Z,DEMO-002,27.3,71.9,47.0,vegetative,demonstration crop,synthetic,not_required_synthetic,synchronized,Synthetic demonstration region,SYNTHETIC DATA — heat_stress scenario
e2b9b2f5-fb0f-5c40-b155-27f343743c21,2026-04-06T00:00:00Z,DEMO-002,22.7,89.3,45.9,vegetative,demonstration crop,synthetic,not_required_synthetic,synchronized,Synthetic demonstration region,SYNTHETIC DATA — heat_stress scenario
3e4f1894-5978-501f-a235-0f543ae6a4e8,2026-04-06T06:00:00Z,DEMO-002,28.2,71.1,45.5,vegetative,demonstration crop,synthetic,not_required_synthetic,synchronized,Synthetic demonstration region,SYNTHETIC DATA — heat_stress scenario
907ed39c-8d6c-568f-b197-2be3e9633c1c,2026-04-06T12:00:00Z,DEMO-002,34.8,54.1,43.4,vegetative,demonstration crop,synthetic,not_required_synthetic,synchronized,Synthetic demonstration region,SYNTHETIC DATA — heat_stress scenario
077cde8d-1f00-5e80-9c49-466831d35146,2026-04-06T18:00:00Z,DEMO-002,28.7,71.7,45.6,vegetative,demonstration crop,synthetic,not_required_synthetic,synchronized,Synthetic demonstration region,SYNTHETIC DATA — heat_stress scenario
29a894d7-9901-5959-bf1d-027f299dbfbb,2026-04-07T00:00:00Z,DEMO-002,22.2,91.7,43.1,vegetative,demonstration crop,synthetic,not_required_synthetic,synchronized,Synthetic demonstration region,SYNTHETIC DATA — heat_stress scenario
c1d6541b-e3d8-5f58-a620-e64c5664963b,2026-04-07T06:00:00Z,DEMO-002,37.2,70.9,44.7,vegetative,demonstration crop,synthetic,not_required_synthetic,synchronized,Synthetic demonstration region,SYNTHETIC DATA — heat_stress scenario
246ad279-7c36-5aaa-a2bf-2c3f1d2e44bc,2026-04-07T12:00:00Z,DEMO-002,44.5,53.0,43.6,vegetative,demonstration crop,synthetic,not_required_synthetic,synchronized,Synthetic demonstration region,SYNTHETIC DATA — heat_stress scenario
d4e3109b-5419-59e8-8c0d-d1b08d13b5a1,2026-04-07T18:00:00Z,DEMO-002,38.0,74.4,44.0,vegetative,demonstration crop,synthetic,not_required_synthetic,synchronized,Synthetic demonstration region,SYNTHETIC DATA — heat_stress scenario
4ed154cf-fba6-578d-bb9a-4fdf8b949eea,2026-04-08T00:00:00Z,DEMO-002,32.4,89.4,46.0,vegetative,demonstration crop,synthetic,not_required_synthetic,synchronized,Synthetic demonstration region,SYNTHETIC DATA — heat_stress scenario
efe57008-8470-579e-b4b4-be3cef34a703,2026-04-08T06:00:00Z,DEMO-002,37.4,70.3,45.8,vegetative,demonstration crop,synthetic,not_required_synthetic,synchronized,Synthetic demonstration region,SYNTHETIC DATA — heat_stress scenario
8046b894-4a4d-5798-ab9a-1a3830f8147a,2026-04-08T12:00:00Z,DEMO-002,44.4,55.7,43.9,vegetative,demonstration crop,synthetic,not_required_synthetic,synchronized,Synthetic demonstration region,SYNTHETIC DATA — heat_stress scenario
cfa37652-b9d3-5847-ac2e-7addddab5b72,2026-04-08T18:00:00Z,DEMO-002,37.8,71.3,45.7,vegetative,demonstration crop,synthetic,not_required_synthetic,synchronized,Synthetic demonstration region,SYNTHETIC DATA — heat_stress scenario
736a33ab-5dfc-5f41-8b4e-309e7c669b18,2026-04-09T00:00:00Z,DEMO-002,31.3,90.9,45.4,vegetative,demonstration crop,synthetic,not_required_synthetic,synchronized,Synthetic demonstration region,SYNTHETIC DATA — heat_stress scenario
a257bd0a-c0a7-569b-ad2e-57982a13d2ca,2026-04-09T06:00:00Z,DEMO-002,37.3,74.0,43.4,vegetative,demonstration crop,synthetic,not_required_synthetic,synchronized,Synthetic demonstration region,SYNTHETIC DATA — heat_stress scenario
a89bdfd2-5f4d-5168-876c-d0e9eaad611b,2026-04-09T12:00:00Z,DEMO-002,43.6,53.7,45.7,vegetative,demonstration crop,synthetic,not_required_synthetic,synchronized,Synthetic demonstration region,SYNTHETIC DATA — heat_stress scenario
ba5d354b-1ebf-5e04-90a1-f84e9cf2ba0a,2026-04-09T18:00:00Z,DEMO-002,37.3,70.4,44.8,vegetative,demonstration crop,synthetic,not_required_synthetic,synchronized,Synthetic demonstration region,SYNTHETIC DATA — heat_stress scenario
d879d7cb-b691-5113-aa27-7ff4095f068e,2026-04-10T00:00:00Z,DEMO-002,32.9,87.7,44.4,vegetative,demonstration crop,synthetic,not_required_synthetic,synchronized,Synthetic demonstration region,SYNTHETIC DATA — heat_stress scenario
f75be97e-038e-542e-b0d3-49dfa1915fb0,2026-04-10T06:00:00Z,DEMO-002,37.6,71.4,44.0,vegetative,demonstration crop,synthetic,not_required_synthetic,synchronized,Synthetic demonstration region,SYNTHETIC DATA — heat_stress scenario
445e3572-7a40-570f-8e96-405bd9891c07,2026-04-10T12:00:00Z,DEMO-002,43.0,55.0,45.0,vegetative,demonstration crop,synthetic,not_required_synthetic,synchronized,Synthetic demonstration region,SYNTHETIC DATA — heat_stress scenario
6861239b-c4bb-5ce6-8fb7-3ebdab01c75d,2026-04-10T18:00:00Z,DEMO-002,37.7,74.5,44.8,vegetative,demonstration crop,synthetic,not_required_synthetic,synchronized,Synthetic demonstration region,SYNTHETIC DATA — heat_stress scenario
6d215657-8716-560b-8240-e66bcdf09e1a,2026-04-11T00:00:00Z,DEMO-002,32.8,92.7,45.4,vegetative,demonstration crop,synthetic,not_required_synthetic,synchronized,Synthetic demonstration region,SYNTHETIC DATA — heat_stress scenario
64f530f8-fbaa-515e-80a5-5173c3bc0e02,2026-04-11T06:00:00Z,DEMO-002,38.3,70.3,44.1,vegetative,demonstration crop,synthetic,not_required_synthetic,synchronized,Synthetic demonstration region,SYNTHETIC DATA — heat_stress scenario
2685ac65-f0d7-54cc-987d-3d954f8c830e,2026-04-11T12:00:00Z,DEMO-002,43.7,56.5,43.2,vegetative,demonstration crop,synthetic,not_required_synthetic,synchronized,Synthetic demonstration region,SYNTHETIC DATA — heat_stress scenario
0dc23e59-0b71-5819-9bf5-75ac9bdfee00,2026-04-11T18:00:00Z,DEMO-002,38.4,72.4,41.9,vegetative,demonstration crop,synthetic,not_required_synthetic,synchronized,Synthetic demonstration region,SYNTHETIC DATA — heat_stress scenario
ead44b55-1162-5de0-84fa-a378a45d050b,2026-04-12T00:00:00Z,DEMO-002,31.5,90.9,43.1,vegetative,demonstration crop,synthetic,not_required_synthetic,synchronized,Synthetic demonstration region,SYNTHETIC DATA — heat_stress scenario
f242bcee-83dc-54c3-a466-a45f9683eac0,2026-04-12T06:00:00Z,DEMO-002,37.8,71.9,44.9,vegetative,demonstration crop,synthetic,not_required_synthetic,synchronized,Synthetic demonstration region,SYNTHETIC DATA — heat_stress scenario
097614a7-52f2-5961-9328-642efc4c6a09,2026-04-12T12:00:00Z,DEMO-002,44.8,51.2,43.1,vegetative,demonstration crop,synthetic,not_required_synthetic,synchronized,Synthetic demonstration region,SYNTHETIC DATA — heat_stress scenario
46b7ca5f-7b94-500d-9c7d-476faf2ed4a7,2026-04-12T18:00:00Z,DEMO-002,37.4,74.1,42.1,vegetative,demonstration crop,synthetic,not_required_synthetic,synchronized,Synthetic demonstration region,SYNTHETIC DATA — heat_stress scenario
55425e8b-3947-5af7-b747-6c00fb746a0d,2026-04-13T00:00:00Z,DEMO-002,31.5,88.3,41.7,vegetative,demonstration crop,synthetic,not_required_synthetic,synchronized,Synthetic demonstration region,SYNTHETIC DATA — heat_stress scenario
d097b33f-a65d-5a11-bfc1-cd2c11c28552,2026-04-13T06:00:00Z,DEMO-002,37.9,72.8,42.7,vegetative,demonstration crop,synthetic,not_required_synthetic,synchronized,Synthetic demonstration region,SYNTHETIC DATA — heat_stress scenario
f5a1868a-2627-55e0-ac35-1ec908fae8cc,2026-04-13T12:00:00Z,DEMO-002,43.2,54.2,44.3,vegetative,demonstration crop,synthetic,not_required_synthetic,synchronized,Synthetic demonstration region,SYNTHETIC DATA — heat_stress scenario
7a36f2ff-0a44-50fb-861d-ba070f98a9db,2026-04-13T18:00:00Z,DEMO-002,37.0,71.0,41.8,vegetative,demonstration crop,synthetic,not_required_synthetic,synchronized,Synthetic demonstration region,SYNTHETIC DATA — heat_stress scenario
0a7f9813-e103-591c-b5b3-f0cd40e40628,2026-04-14T00:00:00Z,DEMO-002,31.4,90.6,43.3,vegetative,demonstration crop,synthetic,not_required_synthetic,synchronized,Synthetic demonstration region,SYNTHETIC DATA — heat_stress scenario
4dd51209-5727-5b4d-a353-a3e4da540229,2026-04-14T06:00:00Z,DEMO-002,37.3,72.4,42.6,vegetative,demonstration crop,synthetic,not_required_synthetic,synchronized,Synthetic demonstration region,SYNTHETIC DATA — heat_stress scenario
ee437640-b943-5e5f-abff-d2ba73557a1e,2026-04-14T12:00:00Z,DEMO-002,44.4,54.4,44.0,vegetative,demonstration crop,synthetic,not_required_synthetic,synchronized,Synthetic demonstration region,SYNTHETIC DATA — heat_stress scenario
c1206a63-bdf6-5474-a5cb-3429128bf95f,2026-04-14T18:00:00Z,DEMO-002,37.2,71.5,42.3,vegetative,demonstration crop,synthetic,not_required_synthetic,synchronized,Synthetic demonstration region,SYNTHETIC DATA — heat_stress scenario
7098d286-c640-5072-9e02-a43faab84dd2,2026-04-15T00:00:00Z,DEMO-002,31.4,92.9,44.1,vegetative,demonstration crop,synthetic,not_required_synthetic,synchronized,Synthetic demonstration region,SYNTHETIC DATA — heat_stress scenario
7bc603b0-65c4-58ce-bec2-69abb73b89dd,2026-04-15T06:00:00Z,DEMO-002,39.0,72.9,44.8,vegetative,demonstration crop,synthetic,not_required_synthetic,synchronized,Synthetic demonstration region,SYNTHETIC DATA — heat_stress scenario
8db68e50-f5f2-5bf9-8d14-22a30ff9e141,2026-04-15T12:00:00Z,DEMO-002,43.7,54.6,42.5,vegetative,demonstration crop,synthetic,not_required_synthetic,synchronized,Synthetic demonstration region,SYNTHETIC DATA — heat_stress scenario
931669c9-3825-56b6-99d2-eda8addfb225,2026-04-15T18:00:00Z,DEMO-002,37.5,74.0,44.6,vegetative,demonstration crop,synthetic,not_required_synthetic,synchronized,Synthetic demonstration region,SYNTHETIC DATA — heat_stress scenario
3e2046c7-0e71-5c1f-a33f-12b9a38fd28d,2026-04-16T00:00:00Z,DEMO-002,21.1,87.1,43.0,flowering,demonstration crop,synthetic,not_required_synthetic,synchronized,Synthetic demonstration region,SYNTHETIC DATA — heat_stress scenario
5e914c89-a8ed-52c2-8630-c18de7be2baa,2026-04-16T06:00:00Z,DEMO-002,28.6,73.5,42.0,flowering,demonstration crop,synthetic,not_required_synthetic,synchronized,Synthetic demonstration region,SYNTHETIC DATA — heat_stress scenario
7ac3ef6a-0574-5ba8-ba4d-3e91adfde3e8,2026-04-16T12:00:00Z,DEMO-002,33.4,56.1,42.0,flowering,demonstration crop,synthetic,not_required_synthetic,synchronized,Synthetic demonstration region,SYNTHETIC DATA — heat_stress scenario
5406748e-90b7-59fa-ae51-29fa97d7b663,2026-04-16T18:00:00Z,DEMO-002,27.8,69.3,41.7,flowering,demonstration crop,synthetic,not_required_synthetic,synchronized,Synthetic demonstration region,SYNTHETIC DATA — heat_stress scenario
ee65c0f6-98d6-5dc9-8895-c1ccc42d8860,2026-04-17T00:00:00Z,DEMO-002,21.8,91.3,41.1,flowering,demonstration crop,synthetic,not_required_synthetic,synchronized,Synthetic demonstration region,SYNTHETIC DATA — heat_stress scenario
43e785ea-bbf6-5ccb-8396-3494964b1302,2026-04-17T06:00:00Z,DEMO-002,28.3,73.6,43.5,flowering,demonstration crop,synthetic,not_required_synthetic,synchronized,Synthetic demonstration region,SYNTHETIC DATA — heat_stress scenario
f9c4f55d-3426-5865-8ca6-807ae658a118,2026-04-17T12:00:00Z,DEMO-002,33.6,51.5,42.6,flowering,demonstration crop,synthetic,not_required_synthetic,synchronized,Synthetic demonstration region,SYNTHETIC DATA — heat_stress scenario
99e1b14b-e070-5253-a8a8-faf8359d54ef,2026-04-17T18:00:00Z,DEMO-002,28.0,71.0,42.7,flowering,demonstration crop,synthetic,not_required_synthetic,synchronized,Synthetic demonstration region,SYNTHETIC DATA — heat_stress scenario
e4c7f56d-e50a-510a-802e-2d83778efebb,2026-04-18T00:00:00Z,DEMO-002,21.6,88.1,42.0,flowering,demonstration crop,synthetic,not_required_synthetic,synchronized,Synthetic demonstration region,SYNTHETIC DATA — heat_stress scenario
a8bbee68-638f-54b8-9c8e-fa04ea6fe8a2,2026-04-18T06:00:00Z,DEMO-002,29.0,70.0,44.0,flowering,demonstration crop,synthetic,not_required_synthetic,synchronized,Synthetic demonstration region,SYNTHETIC DATA — heat_stress scenario
6612393a-b7d9-5254-8d7b-1fd76766e69b,2026-04-18T12:00:00Z,DEMO-002,33.5,56.2,44.3,flowering,demonstration crop,synthetic,not_required_synthetic,synchronized,Synthetic demonstration region,SYNTHETIC DATA — heat_stress scenario
917bb755-fc3b-5c0c-a0e7-1b202eb098f5,2026-04-18T18:00:00Z,DEMO-002,28.0,69.6,42.0,flowering,demonstration crop,synthetic,not_required_synthetic,synchronized,Synthetic demonstration region,SYNTHETIC DATA — heat_stress scenario
44920a98-06ac-50d3-9047-b1997948c6c6,2026-04-19T00:00:00Z,DEMO-002,22.2,89.8,41.3,flowering,demonstration crop,synthetic,not_required_synthetic,synchronized,Synthetic demonstration region,SYNTHETIC DATA — heat_stress scenario
9cb10a97-f565-51ce-9bf3-dcf84b646dbb,2026-04-19T06:00:00Z,DEMO-002,27.4,72.2,42.4,flowering,demonstration crop,synthetic,not_required_synthetic,synchronized,Synthetic demonstration region,SYNTHETIC DATA — heat_stress scenario
1a488c8d-da97-553e-9619-ce9b2b318f70,2026-04-19T12:00:00Z,DEMO-002,34.0,52.6,43.5,flowering,demonstration crop,synthetic,not_required_synthetic,synchronized,Synthetic demonstration region,SYNTHETIC DATA — heat_stress scenario
ec7d3b21-af75-5c9f-a77a-db00ee6a697c,2026-04-19T18:00:00Z,DEMO-002,28.7,72.4,42.2,flowering,demonstration crop,synthetic,not_required_synthetic,synchronized,Synthetic demonstration region,SYNTHETIC DATA — heat_stress scenario
1fd9e6de-ef15-5879-ab0c-a10db9e1e627,2026-04-20T00:00:00Z,DEMO-002,22.7,93.0,41.5,flowering,demonstration crop,synthetic,not_required_synthetic,synchronized,Synthetic demonstration region,SYNTHETIC DATA — heat_stress scenario
f3d12303-126d-5264-87f1-a2fb8cecb8d0,2026-04-20T06:00:00Z,DEMO-002,27.8,72.2,42.6,flowering,demonstration crop,synthetic,not_required_synthetic,synchronized,Synthetic demonstration region,SYNTHETIC DATA — heat_stress scenario
1c76cb7c-2490-5b3f-8985-7f4bd272c726,2026-04-20T12:00:00Z,DEMO-002,33.3,56.9,42.3,flowering,demonstration crop,synthetic,not_required_synthetic,synchronized,Synthetic demonstration region,SYNTHETIC DATA — heat_stress scenario
0e7ac265-e60d-5f45-b1b1-979d66751419,2026-04-20T18:00:00Z,DEMO-002,28.5,73.9,40.6,flowering,demonstration crop,synthetic,not_required_synthetic,synchronized,Synthetic demonstration region,SYNTHETIC DATA — heat_stress scenario
59b279da-28e1-547f-bccd-0709d8654031,2026-04-21T00:00:00Z,DEMO-002,22.3,91.0,40.2,flowering,demonstration crop,synthetic,not_required_synthetic,synchronized,Synthetic demonstration region,SYNTHETIC DATA — heat_stress scenario
5d06f691-1726-591f-a052-5685300bb096,2026-04-21T06:00:00Z,DEMO-002,27.1,74.6,43.1,flowering,demonstration crop,synthetic,not_required_synthetic,synchronized,Synthetic demonstration region,SYNTHETIC DATA — heat_stress scenario
9a941d17-6f6b-5d6a-b1c0-b386c5c7ae21,2026-04-21T12:00:00Z,DEMO-002,33.4,54.2,41.0,flowering,demonstration crop,synthetic,not_required_synthetic,synchronized,Synthetic demonstration region,SYNTHETIC DATA — heat_stress scenario
d6f5b3bd-1e8e-501b-86c3-53078a8a60eb,2026-04-21T18:00:00Z,DEMO-002,27.7,70.1,41.7,flowering,demonstration crop,synthetic,not_required_synthetic,synchronized,Synthetic demonstration region,SYNTHETIC DATA — heat_stress scenario
1c9238fa-7219-5521-b923-9046ee4f7fd5,2026-04-22T00:00:00Z,DEMO-002,21.1,87.9,40.5,flowering,demonstration crop,synthetic,not_required_synthetic,synchronized,Synthetic demonstration region,SYNTHETIC DATA — heat_stress scenario
900af7fe-6ab9-550c-b90a-648277d11b1f,2026-04-22T06:00:00Z,DEMO-002,28.3,72.3,41.7,flowering,demonstration crop,synthetic,not_required_synthetic,synchronized,Synthetic demonstration region,SYNTHETIC DATA — heat_stress scenario
dde42bf8-9c4d-5ee1-94c6-47ae261f1998,2026-04-22T12:00:00Z,DEMO-002,33.1,53.2,40.6,flowering,demonstration crop,synthetic,not_required_synthetic,synchronized,Synthetic demonstration region,SYNTHETIC DATA — heat_stress scenario
80ce4844-47f6-52c4-a146-23522764e634,2026-04-22T18:00:00Z,DEMO-002,28.1,73.5,41.5,flowering,demonstration crop,synthetic,not_required_synthetic,synchronized,Synthetic demonstration region,SYNTHETIC DATA — heat_stress scenario
1710f2c0-a4fe-5ccd-aa1c-299895b4db8a,2026-04-23T00:00:00Z,DEMO-002,21.3,91.3,40.9,flowering,demonstration crop,synthetic,not_required_synthetic,synchronized,Synthetic demonstration region,SYNTHETIC DATA — heat_stress scenario
5e9ca542-c593-58fb-b101-c941462536fe,2026-04-23T06:00:00Z,DEMO-002,27.1,69.6,39.6,flowering,demonstration crop,synthetic,not_required_synthetic,synchronized,Synthetic demonstration region,SYNTHETIC DATA — heat_stress scenario
b0e1af35-82c3-5e39-937c-3d1eb39aea45,2026-04-23T12:00:00Z,DEMO-002,34.2,55.9,42.3,flowering,demonstration crop,synthetic,not_required_synthetic,synchronized,Synthetic demonstration region,SYNTHETIC DATA — heat_stress scenario
da5aa045-56e1-524e-aa6b-923a166480ef,2026-04-23T18:00:00Z,DEMO-002,27.5,70.0,42.5,flowering,demonstration crop,synthetic,not_required_synthetic,synchronized,Synthetic demonstration region,SYNTHETIC DATA — heat_stress scenario
e2d18c41-37bb-5691-83bb-0fd03c54c1ca,2026-04-24T00:00:00Z,DEMO-002,21.4,89.5,42.7,flowering,demonstration crop,synthetic,not_required_synthetic,synchronized,Synthetic demonstration region,SYNTHETIC DATA — heat_stress scenario
4cb20820-3945-582a-a33a-95c37ce7d138,2026-04-24T06:00:00Z,DEMO-002,27.9,70.0,42.7,flowering,demonstration crop,synthetic,not_required_synthetic,synchronized,Synthetic demonstration region,SYNTHETIC DATA — heat_stress scenario
3bd51808-d2ac-58ef-9ecd-5e4c477baa19,2026-04-24T12:00:00Z,DEMO-002,33.4,52.3,43.2,flowering,demonstration crop,synthetic,not_required_synthetic,synchronized,Synthetic demonstration region,SYNTHETIC DATA — heat_stress scenario
1aa6ccaf-09dc-5f9f-9d25-7d1179decb29,2026-04-24T18:00:00Z,DEMO-002,27.3,71.5,43.2,flowering,demonstration crop,synthetic,not_required_synthetic,synchronized,Synthetic demonstration region,SYNTHETIC DATA — heat_stress scenario
0fb9ac87-dafd-590e-8b75-044c5fd88b88,2026-04-25T00:00:00Z,DEMO-002,21.8,91.2,42.6,flowering,demonstration crop,synthetic,not_required_synthetic,synchronized,Synthetic demonstration region,SYNTHETIC DATA — heat_stress scenario
84ec8a90-0861-5326-9dff-7cef1574286c,2026-04-25T06:00:00Z,DEMO-002,28.9,71.6,41.7,flowering,demonstration crop,synthetic,not_required_synthetic,synchronized,Synthetic demonstration region,SYNTHETIC DATA — heat_stress scenario
35b679d9-d566-5e55-839a-eb85d583e20c,2026-04-25T12:00:00Z,DEMO-002,34.9,51.6,41.5,flowering,demonstration crop,synthetic,not_required_synthetic,synchronized,Synthetic demonstration region,SYNTHETIC DATA — heat_stress scenario
aeb132a2-f154-5c47-ab23-436aa2db17f1,2026-04-25T18:00:00Z,DEMO-002,28.8,69.7,42.0,flowering,demonstration crop,synthetic,not_required_synthetic,synchronized,Synthetic demonstration region,SYNTHETIC DATA — heat_stress scenario
b46f3bc9-b8a6-5587-afe1-93e68e926564,2026-04-26T00:00:00Z,DEMO-002,21.2,90.7,41.9,flowering,demonstration crop,synthetic,not_required_synthetic,synchronized,Synthetic demonstration region,SYNTHETIC DATA — heat_stress scenario
e535660c-b60d-5c35-9eac-e7464e173dd4,2026-04-26T06:00:00Z,DEMO-002,27.3,72.8,39.6,flowering,demonstration crop,synthetic,not_required_synthetic,synchronized,Synthetic demonstration region,SYNTHETIC DATA — heat_stress scenario
db554632-d8b0-5c8a-9cd9-4b8258a306e9,2026-04-26T12:00:00Z,DEMO-002,33.4,56.9,42.7,flowering,demonstration crop,synthetic,not_required_synthetic,synchronized,Synthetic demonstration region,SYNTHETIC DATA — heat_stress scenario
69e01357-0316-5cfa-b47b-39adb4ee2dd6,2026-04-26T18:00:00Z,DEMO-002,27.1,72.9,42.7,flowering,demonstration crop,synthetic,not_required_synthetic,synchronized,Synthetic demonstration region,SYNTHETIC DATA — heat_stress scenario
e99b405c-280d-5ee9-bbe4-9c4e998df1bf,2026-04-27T00:00:00Z,DEMO-002,22.8,88.7,42.0,flowering,demonstration crop,synthetic,not_required_synthetic,synchronized,Synthetic demonstration region,SYNTHETIC DATA — heat_stress scenario
cf630363-46d7-5dc9-85da-32b4a556b336,2026-04-27T06:00:00Z,DEMO-002,27.7,72.1,38.8,flowering,demonstration crop,synthetic,not_required_synthetic,synchronized,Synthetic demonstration region,SYNTHETIC DATA — heat_stress scenario
db7a815a-ff7a-540d-861e-5fcdc93e55f2,2026-04-27T12:00:00Z,DEMO-002,34.8,53.9,42.1,flowering,demonstration crop,synthetic,not_required_synthetic,synchronized,Synthetic demonstration region,SYNTHETIC DATA — heat_stress scenario
dcf1067a-a4ac-500b-af01-f4d26b4405e4,2026-04-27T18:00:00Z,DEMO-002,27.3,72.4,41.8,flowering,demonstration crop,synthetic,not_required_synthetic,synchronized,Synthetic demonstration region,SYNTHETIC DATA — heat_stress scenario
2da2bf65-be67-5531-bab2-874db117b62a,2026-04-28T00:00:00Z,DEMO-002,22.9,90.7,40.4,flowering,demonstration crop,synthetic,not_required_synthetic,synchronized,Synthetic demonstration region,SYNTHETIC DATA — heat_stress scenario
65be0552-1bc9-571f-b000-398d19f55c66,2026-04-28T06:00:00Z,DEMO-002,28.2,73.0,42.3,flowering,demonstration crop,synthetic,not_required_synthetic,synchronized,Synthetic demonstration region,SYNTHETIC DATA — heat_stress scenario
b3a38788-0015-5a10-9b2c-14f3bc0bc3fa,2026-04-28T12:00:00Z,DEMO-002,33.7,55.1,39.5,flowering,demonstration crop,synthetic,not_required_synthetic,synchronized,Synthetic demonstration region,SYNTHETIC DATA — heat_stress scenario
2f2d7ac9-18ac-512b-9464-15279bac52e7,2026-04-28T18:00:00Z,DEMO-002,27.9,74.0,39.8,flowering,demonstration crop,synthetic,not_required_synthetic,synchronized,Synthetic demonstration region,SYNTHETIC DATA — heat_stress scenario
ccc5961f-b27b-55a6-be59-e8997abd7fa1,2026-04-29T00:00:00Z,DEMO-002,22.1,87.6,40.5,flowering,demonstration crop,synthetic,not_required_synthetic,synchronized,Synthetic demonstration region,SYNTHETIC DATA — heat_stress scenario
f2149b1c-c13b-550a-8f87-47dd27ea711a,2026-04-29T06:00:00Z,DEMO-002,27.6,72.5,38.5,flowering,demonstration crop,synthetic,not_required_synthetic,synchronized,Synthetic demonstration region,SYNTHETIC DATA — heat_stress scenario
d2a3f5a7-d8b3-5e25-9aed-94a78db37160,2026-04-29T12:00:00Z,DEMO-002,33.1,54.4,42.0,flowering,demonstration crop,synthetic,not_required_synthetic,synchronized,Synthetic demonstration region,SYNTHETIC DATA — heat_stress scenario
67c27d99-b26a-5ab7-bc17-2e573ec0199c,2026-04-29T18:00:00Z,DEMO-002,27.8,72.4,40.8,flowering,demonstration crop,synthetic,not_required_synthetic,synchronized,Synthetic demonstration region,SYNTHETIC DATA — heat_stress scenario
36dd4397-2930-5f3a-93c1-f71bce39504b,2026-04-30T00:00:00Z,DEMO-002,21.9,87.1,40.1,flowering,demonstration crop,synthetic,not_required_synthetic,synchronized,Synthetic demonstration region,SYNTHETIC DATA — heat_stress scenario
0333703b-069c-5430-a845-c2600aa34c8a,2026-04-30T06:00:00Z,DEMO-002,28.8,69.6,38.7,flowering,demonstration crop,synthetic,not_required_synthetic,synchronized,Synthetic demonstration region,SYNTHETIC DATA — heat_stress scenario
829b9269-7f59-5d20-a730-48b60476c369,2026-04-30T12:00:00Z,DEMO-002,33.2,52.5,40.2,flowering,demonstration crop,synthetic,not_required_synthetic,synchronized,Synthetic demonstration region,SYNTHETIC DATA — heat_stress scenario
383aff2f-3ae9-536b-b1a8-8df430ff04ee,2026-04-30T18:00:00Z,DEMO-002,28.9,69.4,41.0,flowering,demonstration crop,synthetic,not_required_synthetic,synchronized,Synthetic demonstration region,SYNTHETIC DATA — heat_stress scenario
189af5a6-5727-5a64-97f7-2cef7384212e,2026-04-01T00:00:00Z,DEMO-003,22.2,92.8,44.5,vegetative,demonstration crop,synthetic,not_required_synthetic,synchronized,Synthetic demonstration region,SYNTHETIC DATA — low_soil_moisture scenario
8c7a16d8-29a5-5306-81a6-8a75c7524d49,2026-04-01T06:00:00Z,DEMO-003,28.8,70.8,46.5,vegetative,demonstration crop,synthetic,not_required_synthetic,synchronized,Synthetic demonstration region,SYNTHETIC DATA — low_soil_moisture scenario
7d636e05-9a4d-5d0a-938a-dee2ce5ae9f6,2026-04-01T12:00:00Z,DEMO-003,33.9,56.4,44.5,vegetative,demonstration crop,synthetic,not_required_synthetic,synchronized,Synthetic demonstration region,SYNTHETIC DATA — low_soil_moisture scenario
8dc23a73-9cc7-5398-b780-38ab176b4499,2026-04-01T18:00:00Z,DEMO-003,28.4,72.1,44.4,vegetative,demonstration crop,synthetic,not_required_synthetic,synchronized,Synthetic demonstration region,SYNTHETIC DATA — low_soil_moisture scenario
6c1de12c-7605-52c5-bf76-77a0b6663372,2026-04-02T00:00:00Z,DEMO-003,22.7,89.9,44.1,vegetative,demonstration crop,synthetic,not_required_synthetic,synchronized,Synthetic demonstration region,SYNTHETIC DATA — low_soil_moisture scenario
e58d6817-4ec2-55e7-bea9-7bc5062e7847,2026-04-02T06:00:00Z,DEMO-003,28.2,73.6,43.8,vegetative,demonstration crop,synthetic,not_required_synthetic,synchronized,Synthetic demonstration region,SYNTHETIC DATA — low_soil_moisture scenario
990ba1ec-25d6-58be-88d4-7e1c67ae2e4e,2026-04-02T12:00:00Z,DEMO-003,34.2,53.9,44.0,vegetative,demonstration crop,synthetic,not_required_synthetic,synchronized,Synthetic demonstration region,SYNTHETIC DATA — low_soil_moisture scenario
5136c546-5f56-586a-8431-c272c557fc0e,2026-04-02T18:00:00Z,DEMO-003,27.0,71.3,45.0,vegetative,demonstration crop,synthetic,not_required_synthetic,synchronized,Synthetic demonstration region,SYNTHETIC DATA — low_soil_moisture scenario
9ddb4d28-e3e2-52d0-9bff-ea8c1a4fd6b8,2026-04-03T00:00:00Z,DEMO-003,21.1,87.8,42.7,vegetative,demonstration crop,synthetic,not_required_synthetic,synchronized,Synthetic demonstration region,SYNTHETIC DATA — low_soil_moisture scenario
f205ccda-3e16-5489-af86-e54c4d15df68,2026-04-03T06:00:00Z,DEMO-003,27.5,70.6,42.5,vegetative,demonstration crop,synthetic,not_required_synthetic,synchronized,Synthetic demonstration region,SYNTHETIC DATA — low_soil_moisture scenario
2c82cfc2-a45a-56f7-a1e4-26ac3efdcc87,2026-04-03T12:00:00Z,DEMO-003,33.9,51.2,42.9,vegetative,demonstration crop,synthetic,not_required_synthetic,synchronized,Synthetic demonstration region,SYNTHETIC DATA — low_soil_moisture scenario
613a5843-9005-59be-a3e1-9a7027ab0064,2026-04-03T18:00:00Z,DEMO-003,28.2,74.7,41.7,vegetative,demonstration crop,synthetic,not_required_synthetic,synchronized,Synthetic demonstration region,SYNTHETIC DATA — low_soil_moisture scenario
c81ab4ad-971f-5717-a87d-fe53aa71fdff,2026-04-04T00:00:00Z,DEMO-003,21.2,88.3,40.7,vegetative,demonstration crop,synthetic,not_required_synthetic,synchronized,Synthetic demonstration region,SYNTHETIC DATA — low_soil_moisture scenario
899260a2-f1cc-57ab-9d98-3f8f4f914007,2026-04-04T06:00:00Z,DEMO-003,27.2,71.4,39.5,vegetative,demonstration crop,synthetic,not_required_synthetic,synchronized,Synthetic demonstration region,SYNTHETIC DATA — low_soil_moisture scenario
c4800df9-4306-54b4-ae36-00a0626946b5,2026-04-04T12:00:00Z,DEMO-003,33.2,56.9,38.8,vegetative,demonstration crop,synthetic,not_required_synthetic,synchronized,Synthetic demonstration region,SYNTHETIC DATA — low_soil_moisture scenario
d403c29d-fc66-5fc7-b0f9-650926fc05b6,2026-04-04T18:00:00Z,DEMO-003,27.8,70.2,38.0,vegetative,demonstration crop,synthetic,not_required_synthetic,synchronized,Synthetic demonstration region,SYNTHETIC DATA — low_soil_moisture scenario
129a5f3e-0f91-5c2c-9e6d-f4442069a703,2026-04-05T00:00:00Z,DEMO-003,21.5,90.1,40.8,vegetative,demonstration crop,synthetic,not_required_synthetic,synchronized,Synthetic demonstration region,SYNTHETIC DATA — low_soil_moisture scenario
b1b32559-c8e0-5843-ad9d-f5daf5a7c9d7,2026-04-05T06:00:00Z,DEMO-003,28.8,70.0,37.5,vegetative,demonstration crop,synthetic,not_required_synthetic,synchronized,Synthetic demonstration region,SYNTHETIC DATA — low_soil_moisture scenario
5e3bee5a-137f-55e8-9797-fd23f456a65a,2026-04-05T12:00:00Z,DEMO-003,34.8,56.1,37.7,vegetative,demonstration crop,synthetic,not_required_synthetic,synchronized,Synthetic demonstration region,SYNTHETIC DATA — low_soil_moisture scenario
884e0058-551d-56d5-84b2-c0e5de173f69,2026-04-05T18:00:00Z,DEMO-003,28.6,74.4,38.6,vegetative,demonstration crop,synthetic,not_required_synthetic,synchronized,Synthetic demonstration region,SYNTHETIC DATA — low_soil_moisture scenario
8c16960e-7e13-5365-9535-6096e3fc271b,2026-04-06T00:00:00Z,DEMO-003,22.1,92.8,36.1,vegetative,demonstration crop,synthetic,not_required_synthetic,synchronized,Synthetic demonstration region,SYNTHETIC DATA — low_soil_moisture scenario
ecd9c44c-ac78-5988-8d40-e99445c41480,2026-04-06T06:00:00Z,DEMO-003,29.0,74.0,38.4,vegetative,demonstration crop,synthetic,not_required_synthetic,synchronized,Synthetic demonstration region,SYNTHETIC DATA — low_soil_moisture scenario
fee934ec-27bd-57b2-aa56-cb5b21c17bbe,2026-04-06T12:00:00Z,DEMO-003,34.0,56.7,38.9,vegetative,demonstration crop,synthetic,not_required_synthetic,synchronized,Synthetic demonstration region,SYNTHETIC DATA — low_soil_moisture scenario
0796ef44-caf5-5dbd-8ff7-92b0ce54f354,2026-04-06T18:00:00Z,DEMO-003,28.8,72.9,38.7,vegetative,demonstration crop,synthetic,not_required_synthetic,synchronized,Synthetic demonstration region,SYNTHETIC DATA — low_soil_moisture scenario
12cd287f-7688-5db1-a92b-5228bc01b0fc,2026-04-07T00:00:00Z,DEMO-003,22.9,87.5,34.6,vegetative,demonstration crop,synthetic,not_required_synthetic,synchronized,Synthetic demonstration region,SYNTHETIC DATA — low_soil_moisture scenario
7b82c019-f556-551c-9877-c8fe42e58af8,2026-04-07T06:00:00Z,DEMO-003,28.3,69.0,35.1,vegetative,demonstration crop,synthetic,not_required_synthetic,synchronized,Synthetic demonstration region,SYNTHETIC DATA — low_soil_moisture scenario
257d5cef-4ee0-5be8-93a7-a0bbd062ae34,2026-04-07T12:00:00Z,DEMO-003,34.2,56.5,33.8,vegetative,demonstration crop,synthetic,not_required_synthetic,synchronized,Synthetic demonstration region,SYNTHETIC DATA — low_soil_moisture scenario
d719ba9c-6728-58f2-831a-a549aca4538b,2026-04-07T18:00:00Z,DEMO-003,27.1,72.3,36.0,vegetative,demonstration crop,synthetic,not_required_synthetic,synchronized,Synthetic demonstration region,SYNTHETIC DATA — low_soil_moisture scenario
94394d76-88e8-52b9-b11f-297a35daccfa,2026-04-08T00:00:00Z,DEMO-003,22.1,90.2,34.9,vegetative,demonstration crop,synthetic,not_required_synthetic,synchronized,Synthetic demonstration region,SYNTHETIC DATA — low_soil_moisture scenario
009a118b-381b-58b5-823c-69c167c10b8c,2026-04-08T06:00:00Z,DEMO-003,28.0,71.1,32.6,vegetative,demonstration crop,synthetic,not_required_synthetic,synchronized,Synthetic demonstration region,SYNTHETIC DATA — low_soil_moisture scenario
70d85408-de4e-50b0-94e8-53ea1d5a0935,2026-04-08T12:00:00Z,DEMO-003,34.1,52.5,33.9,vegetative,demonstration crop,synthetic,not_required_synthetic,synchronized,Synthetic demonstration region,SYNTHETIC DATA — low_soil_moisture scenario
660b2d97-7c81-55cb-97f6-ae3d2f7cb91e,2026-04-08T18:00:00Z,DEMO-003,27.0,69.5,33.1,vegetative,demonstration crop,synthetic,not_required_synthetic,synchronized,Synthetic demonstration region,SYNTHETIC DATA — low_soil_moisture scenario
91fd68fb-0b06-54ea-971e-b748e8b9ad16,2026-04-09T00:00:00Z,DEMO-003,22.3,88.4,31.9,vegetative,demonstration crop,synthetic,not_required_synthetic,synchronized,Synthetic demonstration region,SYNTHETIC DATA — low_soil_moisture scenario
96ed4100-72ca-5f22-8852-0804d0b55c3a,2026-04-09T06:00:00Z,DEMO-003,28.1,71.0,32.8,vegetative,demonstration crop,synthetic,not_required_synthetic,synchronized,Synthetic demonstration region,SYNTHETIC DATA — low_soil_moisture scenario
474ba299-315a-56cf-b5eb-79bf9737f0bc,2026-04-09T12:00:00Z,DEMO-003,33.6,52.0,33.0,vegetative,demonstration crop,synthetic,not_required_synthetic,synchronized,Synthetic demonstration region,SYNTHETIC DATA — low_soil_moisture scenario
04b5a73b-00a5-59e9-9848-c0a5e4185912,2026-04-09T18:00:00Z,DEMO-003,27.2,73.5,31.4,vegetative,demonstration crop,synthetic,not_required_synthetic,synchronized,Synthetic demonstration region,SYNTHETIC DATA — low_soil_moisture scenario
e43cd098-61bc-5c96-98d7-7a73eb18fb22,2026-04-10T00:00:00Z,DEMO-003,21.3,92.2,33.4,vegetative,demonstration crop,synthetic,not_required_synthetic,synchronized,Synthetic demonstration region,SYNTHETIC DATA — low_soil_moisture scenario
d02f409c-63d2-565e-a097-e78bb075ce65,2026-04-10T06:00:00Z,DEMO-003,28.6,71.8,32.5,vegetative,demonstration crop,synthetic,not_required_synthetic,synchronized,Synthetic demonstration region,SYNTHETIC DATA — low_soil_moisture scenario
f9d517b0-c337-5e58-a982-9ad3e4b9bc3d,2026-04-10T12:00:00Z,DEMO-003,34.4,52.9,31.5,vegetative,demonstration crop,synthetic,not_required_synthetic,synchronized,Synthetic demonstration region,SYNTHETIC DATA — low_soil_moisture scenario
4ccd1b1f-9991-5c19-bc1c-bbc87793f0cf,2026-04-10T18:00:00Z,DEMO-003,28.0,69.0,28.9,vegetative,demonstration crop,synthetic,not_required_synthetic,synchronized,Synthetic demonstration region,SYNTHETIC DATA — low_soil_moisture scenario
81151259-f697-5c70-8afb-c925a21d6297,2026-04-11T00:00:00Z,DEMO-003,21.8,90.0,31.9,vegetative,demonstration crop,synthetic,not_required_synthetic,synchronized,Synthetic demonstration region,SYNTHETIC DATA — low_soil_moisture scenario
bdbcec63-3df7-55df-809b-a66283c94433,2026-04-11T06:00:00Z,DEMO-003,27.8,72.1,29.9,vegetative,demonstration crop,synthetic,not_required_synthetic,synchronized,Synthetic demonstration region,SYNTHETIC DATA — low_soil_moisture scenario
eed634a2-fdda-5bb4-a127-4bf08ef2e215,2026-04-11T12:00:00Z,DEMO-003,33.7,54.5,30.2,vegetative,demonstration crop,synthetic,not_required_synthetic,synchronized,Synthetic demonstration region,SYNTHETIC DATA — low_soil_moisture scenario
c7c13ad4-1ef4-5357-b6ab-8cb8d33e2798,2026-04-11T18:00:00Z,DEMO-003,28.3,71.3,27.8,vegetative,demonstration crop,synthetic,not_required_synthetic,synchronized,Synthetic demonstration region,SYNTHETIC DATA — low_soil_moisture scenario
6444daba-57cf-5acf-876d-9a577c93e64d,2026-04-12T00:00:00Z,DEMO-003,21.5,91.1,27.6,vegetative,demonstration crop,synthetic,not_required_synthetic,synchronized,Synthetic demonstration region,SYNTHETIC DATA — low_soil_moisture scenario
a056118a-21c7-5409-af8c-802cb08cf70a,2026-04-12T06:00:00Z,DEMO-003,28.4,70.8,28.3,vegetative,demonstration crop,synthetic,not_required_synthetic,synchronized,Synthetic demonstration region,SYNTHETIC DATA — low_soil_moisture scenario
c93929de-238c-55ec-a206-2c0dc7224795,2026-04-12T12:00:00Z,DEMO-003,34.1,53.1,29.5,vegetative,demonstration crop,synthetic,not_required_synthetic,synchronized,Synthetic demonstration region,SYNTHETIC DATA — low_soil_moisture scenario
5b842088-1742-5adc-831e-0cb5ea921644,2026-04-12T18:00:00Z,DEMO-003,28.5,72.5,28.1,vegetative,demonstration crop,synthetic,not_required_synthetic,synchronized,Synthetic demonstration region,SYNTHETIC DATA — low_soil_moisture scenario
aa249bdf-3b64-5b64-9c89-93c005181903,2026-04-13T00:00:00Z,DEMO-003,21.5,92.7,26.7,vegetative,demonstration crop,synthetic,not_required_synthetic,synchronized,Synthetic demonstration region,SYNTHETIC DATA — low_soil_moisture scenario
8533f258-0a50-5729-9256-4656bcb2186c,2026-04-13T06:00:00Z,DEMO-003,28.2,73.0,26.4,vegetative,demonstration crop,synthetic,not_required_synthetic,synchronized,Synthetic demonstration region,SYNTHETIC DATA — low_soil_moisture scenario
3f3f40b4-eca3-5d2e-8cc1-8a6307b1423b,2026-04-13T12:00:00Z,DEMO-003,33.2,54.7,24.5,vegetative,demonstration crop,synthetic,not_required_synthetic,synchronized,Synthetic demonstration region,SYNTHETIC DATA — low_soil_moisture scenario
99af47e5-8f67-5c95-9a7e-da67d4d8d9ed,2026-04-13T18:00:00Z,DEMO-003,27.6,70.5,25.2,vegetative,demonstration crop,synthetic,not_required_synthetic,synchronized,Synthetic demonstration region,SYNTHETIC DATA — low_soil_moisture scenario
b11b94c4-5e7b-5b80-942f-93ab51e989b0,2026-04-14T00:00:00Z,DEMO-003,21.9,87.9,24.4,vegetative,demonstration crop,synthetic,not_required_synthetic,synchronized,Synthetic demonstration region,SYNTHETIC DATA — low_soil_moisture scenario
1289a5f6-1ce5-5267-bcbe-ba61efea24c2,2026-04-14T06:00:00Z,DEMO-003,28.3,72.5,22.8,vegetative,demonstration crop,synthetic,not_required_synthetic,synchronized,Synthetic demonstration region,SYNTHETIC DATA — low_soil_moisture scenario
c0c6f19b-8f54-58b4-923e-8f2637676c0c,2026-04-14T12:00:00Z,DEMO-003,33.2,53.7,25.7,vegetative,demonstration crop,synthetic,not_required_synthetic,synchronized,Synthetic demonstration region,SYNTHETIC DATA — low_soil_moisture scenario
68648cc8-65ad-5ede-b806-d1aceedbe7c3,2026-04-14T18:00:00Z,DEMO-003,27.1,70.6,23.5,vegetative,demonstration crop,synthetic,not_required_synthetic,synchronized,Synthetic demonstration region,SYNTHETIC DATA — low_soil_moisture scenario
6e2edcc4-afe5-5566-af19-8fc8d802b556,2026-04-15T00:00:00Z,DEMO-003,22.5,92.0,24.5,vegetative,demonstration crop,synthetic,not_required_synthetic,synchronized,Synthetic demonstration region,SYNTHETIC DATA — low_soil_moisture scenario
7abed719-9c2d-567c-9214-63fe2b00de1e,2026-04-15T06:00:00Z,DEMO-003,27.5,71.5,24.2,vegetative,demonstration crop,synthetic,not_required_synthetic,synchronized,Synthetic demonstration region,SYNTHETIC DATA — low_soil_moisture scenario
ae95e6af-6c78-583e-9972-61623b7b7644,2026-04-15T12:00:00Z,DEMO-003,33.6,52.0,22.1,vegetative,demonstration crop,synthetic,not_required_synthetic,synchronized,Synthetic demonstration region,SYNTHETIC DATA — low_soil_moisture scenario
ea6d3a74-73a4-5b0c-9461-7fb2900bb54c,2026-04-15T18:00:00Z,DEMO-003,28.2,70.3,20.5,vegetative,demonstration crop,synthetic,not_required_synthetic,synchronized,Synthetic demonstration region,SYNTHETIC DATA — low_soil_moisture scenario
5bac610c-5c93-5e53-8726-2ed4387916bf,2026-04-16T00:00:00Z,DEMO-003,22.4,91.6,22.9,flowering,demonstration crop,synthetic,not_required_synthetic,synchronized,Synthetic demonstration region,SYNTHETIC DATA — low_soil_moisture scenario
d313b716-f0fc-5cc2-a40b-3dba7c8b9fa2,2026-04-16T06:00:00Z,DEMO-003,27.8,73.0,23.1,flowering,demonstration crop,synthetic,not_required_synthetic,synchronized,Synthetic demonstration region,SYNTHETIC DATA — low_soil_moisture scenario
bbbd2bcc-4e20-5044-b8e2-6a7030b7b0dc,2026-04-16T12:00:00Z,DEMO-003,33.3,53.3,19.6,flowering,demonstration crop,synthetic,not_required_synthetic,synchronized,Synthetic demonstration region,SYNTHETIC DATA — low_soil_moisture scenario
b61a7b99-e2e8-52fb-b26f-089ae5fe2a7b,2026-04-16T18:00:00Z,DEMO-003,28.2,71.4,21.4,flowering,demonstration crop,synthetic,not_required_synthetic,synchronized,Synthetic demonstration region,SYNTHETIC DATA — low_soil_moisture scenario
894ee53e-e243-50bb-b324-8679cb87768a,2026-04-17T00:00:00Z,DEMO-003,22.2,90.3,19.6,flowering,demonstration crop,synthetic,not_required_synthetic,synchronized,Synthetic demonstration region,SYNTHETIC DATA — low_soil_moisture scenario
a65f524c-8281-5c40-94f9-bc9c5f46d215,2026-04-17T06:00:00Z,DEMO-003,28.9,71.1,20.8,flowering,demonstration crop,synthetic,not_required_synthetic,synchronized,Synthetic demonstration region,SYNTHETIC DATA — low_soil_moisture scenario
5af4eb14-9100-5445-b184-5e923869cc79,2026-04-17T12:00:00Z,DEMO-003,34.8,54.1,18.6,flowering,demonstration crop,synthetic,not_required_synthetic,synchronized,Synthetic demonstration region,SYNTHETIC DATA — low_soil_moisture scenario
6973bd64-2860-54d3-bd8b-a500dec7bb24,2026-04-17T18:00:00Z,DEMO-003,27.1,70.2,19.7,flowering,demonstration crop,synthetic,not_required_synthetic,synchronized,Synthetic demonstration region,SYNTHETIC DATA — low_soil_moisture scenario
58044c2e-4231-58ae-8436-031755944745,2026-04-18T00:00:00Z,DEMO-003,21.3,90.5,18.5,flowering,demonstration crop,synthetic,not_required_synthetic,synchronized,Synthetic demonstration region,SYNTHETIC DATA — low_soil_moisture scenario
3317f2e5-70ea-5661-93ba-770f30708299,2026-04-18T06:00:00Z,DEMO-003,27.9,72.0,17.9,flowering,demonstration crop,synthetic,not_required_synthetic,synchronized,Synthetic demonstration region,SYNTHETIC DATA — low_soil_moisture scenario
94624005-3891-5ccf-9a1a-68936630da6c,2026-04-18T12:00:00Z,DEMO-003,33.1,51.2,17.2,flowering,demonstration crop,synthetic,not_required_synthetic,synchronized,Synthetic demonstration region,SYNTHETIC DATA — low_soil_moisture scenario
5a64a709-1865-57bb-b9e4-afe268c1e0d3,2026-04-18T18:00:00Z,DEMO-003,28.2,70.8,16.9,flowering,demonstration crop,synthetic,not_required_synthetic,synchronized,Synthetic demonstration region,SYNTHETIC DATA — low_soil_moisture scenario
1693ad18-4c2d-5294-ae23-86dd54f589db,2026-04-19T00:00:00Z,DEMO-003,21.8,90.8,19.1,flowering,demonstration crop,synthetic,not_required_synthetic,synchronized,Synthetic demonstration region,SYNTHETIC DATA — low_soil_moisture scenario
6f8ceba8-7cde-5e57-b0c2-28a0032629ee,2026-04-19T06:00:00Z,DEMO-003,28.1,74.7,18.1,flowering,demonstration crop,synthetic,not_required_synthetic,synchronized,Synthetic demonstration region,SYNTHETIC DATA — low_soil_moisture scenario
beb88f27-e979-559a-8a79-e00f4b287d86,2026-04-19T12:00:00Z,DEMO-003,33.6,56.7,17.1,flowering,demonstration crop,synthetic,not_required_synthetic,synchronized,Synthetic demonstration region,SYNTHETIC DATA — low_soil_moisture scenario
a00d2f64-b76b-5ae2-a208-704bf57695ef,2026-04-19T18:00:00Z,DEMO-003,28.0,71.1,17.3,flowering,demonstration crop,synthetic,not_required_synthetic,synchronized,Synthetic demonstration region,SYNTHETIC DATA — low_soil_moisture scenario
ea78af73-2364-5485-acb5-497db2041f26,2026-04-20T00:00:00Z,DEMO-003,21.8,89.5,14.5,flowering,demonstration crop,synthetic,not_required_synthetic,synchronized,Synthetic demonstration region,SYNTHETIC DATA — low_soil_moisture scenario
266c3174-a9cf-5129-94b4-5c1f4a035fab,2026-04-20T06:00:00Z,DEMO-003,27.9,74.5,15.7,flowering,demonstration crop,synthetic,not_required_synthetic,synchronized,Synthetic demonstration region,SYNTHETIC DATA — low_soil_moisture scenario
f0d39232-8074-5f66-9555-29834c9b0741,2026-04-20T12:00:00Z,DEMO-003,34.7,54.4,16.0,flowering,demonstration crop,synthetic,not_required_synthetic,synchronized,Synthetic demonstration region,SYNTHETIC DATA — low_soil_moisture scenario
21452e22-45b8-5dbe-8241-8444705aea7a,2026-04-20T18:00:00Z,DEMO-003,27.8,74.2,15.9,flowering,demonstration crop,synthetic,not_required_synthetic,synchronized,Synthetic demonstration region,SYNTHETIC DATA — low_soil_moisture scenario
79a91107-ddfc-5d8a-940b-7a649df25201,2026-04-21T00:00:00Z,DEMO-003,21.1,88.0,12.9,flowering,demonstration crop,synthetic,not_required_synthetic,synchronized,Synthetic demonstration region,SYNTHETIC DATA — low_soil_moisture scenario
02f7dbbc-3b96-5f35-9e1a-823163fc3009,2026-04-21T06:00:00Z,DEMO-003,28.2,73.9,13.5,flowering,demonstration crop,synthetic,not_required_synthetic,synchronized,Synthetic demonstration region,SYNTHETIC DATA — low_soil_moisture scenario
349b3d58-b7cc-53ef-a21d-3a93523ac7e2,2026-04-21T12:00:00Z,DEMO-003,33.9,51.2,12.0,flowering,demonstration crop,synthetic,not_required_synthetic,synchronized,Synthetic demonstration region,SYNTHETIC DATA — low_soil_moisture scenario
2fbff015-d738-5d66-ba1c-732c1992dbe1,2026-04-21T18:00:00Z,DEMO-003,27.2,70.3,11.2,flowering,demonstration crop,synthetic,not_required_synthetic,synchronized,Synthetic demonstration region,SYNTHETIC DATA — low_soil_moisture scenario
723c511a-aba2-58da-a38b-20fde68eb494,2026-04-22T00:00:00Z,DEMO-003,21.2,90.8,12.8,flowering,demonstration crop,synthetic,not_required_synthetic,synchronized,Synthetic demonstration region,SYNTHETIC DATA — low_soil_moisture scenario
eee9fc73-597f-51e2-8f2c-69ac2ca68495,2026-04-22T06:00:00Z,DEMO-003,29.0,71.5,12.5,flowering,demonstration crop,synthetic,not_required_synthetic,synchronized,Synthetic demonstration region,SYNTHETIC DATA — low_soil_moisture scenario
47c96d67-8359-5caa-b101-54cc24355f3c,2026-04-22T12:00:00Z,DEMO-003,33.6,51.6,13.3,flowering,demonstration crop,synthetic,not_required_synthetic,synchronized,Synthetic demonstration region,SYNTHETIC DATA — low_soil_moisture scenario
d8822b7a-2fb1-5f8d-a578-20875963fc43,2026-04-22T18:00:00Z,DEMO-003,27.1,69.9,11.0,flowering,demonstration crop,synthetic,not_required_synthetic,synchronized,Synthetic demonstration region,SYNTHETIC DATA — low_soil_moisture scenario
75c59d05-787f-5f0b-ae57-d898c07088f3,2026-04-23T00:00:00Z,DEMO-003,22.3,87.6,10.0,flowering,demonstration crop,synthetic,not_required_synthetic,synchronized,Synthetic demonstration region,SYNTHETIC DATA — low_soil_moisture scenario
6b4695ee-b82d-5811-aaeb-ec21ad9c2721,2026-04-23T06:00:00Z,DEMO-003,28.6,72.3,13.0,flowering,demonstration crop,synthetic,not_required_synthetic,synchronized,Synthetic demonstration region,SYNTHETIC DATA — low_soil_moisture scenario
457e9dc3-619f-599e-8a4d-02a3d93c5e69,2026-04-23T12:00:00Z,DEMO-003,34.0,51.7,11.9,flowering,demonstration crop,synthetic,not_required_synthetic,synchronized,Synthetic demonstration region,SYNTHETIC DATA — low_soil_moisture scenario
bd6cfde2-4ab7-5252-bd58-7ec7504743d6,2026-04-23T18:00:00Z,DEMO-003,27.7,71.8,10.0,flowering,demonstration crop,synthetic,not_required_synthetic,synchronized,Synthetic demonstration region,SYNTHETIC DATA — low_soil_moisture scenario
ca9f7370-a253-5678-be66-fd33cbcab918,2026-04-24T00:00:00Z,DEMO-003,22.7,93.0,9.8,flowering,demonstration crop,synthetic,not_required_synthetic,synchronized,Synthetic demonstration region,SYNTHETIC DATA — low_soil_moisture scenario
49ffb8f2-3fd9-5cea-b924-e86a04ab4a9c,2026-04-24T06:00:00Z,DEMO-003,28.6,74.7,11.0,flowering,demonstration crop,synthetic,not_required_synthetic,synchronized,Synthetic demonstration region,SYNTHETIC DATA — low_soil_moisture scenario
c4e2e8a0-1d14-59c0-bfc9-1e7e8624a008,2026-04-24T12:00:00Z,DEMO-003,33.2,53.5,12.0,flowering,demonstration crop,synthetic,not_required_synthetic,synchronized,Synthetic demonstration region,SYNTHETIC DATA — low_soil_moisture scenario
e83c555f-4825-554f-89cb-451325d5179b,2026-04-24T18:00:00Z,DEMO-003,29.0,69.4,11.0,flowering,demonstration crop,synthetic,not_required_synthetic,synchronized,Synthetic demonstration region,SYNTHETIC DATA — low_soil_moisture scenario
fbe10aeb-a329-588d-8d44-84c50104bfc6,2026-04-25T00:00:00Z,DEMO-003,22.0,93.0,12.2,flowering,demonstration crop,synthetic,not_required_synthetic,synchronized,Synthetic demonstration region,SYNTHETIC DATA — low_soil_moisture scenario
04bdc473-e53c-5255-b78b-36838a97b90a,2026-04-25T06:00:00Z,DEMO-003,27.8,69.4,10.9,flowering,demonstration crop,synthetic,not_required_synthetic,synchronized,Synthetic demonstration region,SYNTHETIC DATA — low_soil_moisture scenario
ef81e807-fad1-5a7c-ba34-a83edda109b6,2026-04-25T12:00:00Z,DEMO-003,34.4,53.5,11.2,flowering,demonstration crop,synthetic,not_required_synthetic,synchronized,Synthetic demonstration region,SYNTHETIC DATA — low_soil_moisture scenario
30467ac4-71bc-5413-8109-230a87b355ea,2026-04-25T18:00:00Z,DEMO-003,27.7,74.1,9.7,flowering,demonstration crop,synthetic,not_required_synthetic,synchronized,Synthetic demonstration region,SYNTHETIC DATA — low_soil_moisture scenario
5cc3dc18-c15b-515c-b4b5-da30bf1e7f55,2026-04-26T00:00:00Z,DEMO-003,22.2,88.5,12.2,flowering,demonstration crop,synthetic,not_required_synthetic,synchronized,Synthetic demonstration region,SYNTHETIC DATA — low_soil_moisture scenario
425882cf-f588-5202-abac-38f5f2e08f07,2026-04-26T06:00:00Z,DEMO-003,28.6,73.2,12.1,flowering,demonstration crop,synthetic,not_required_synthetic,synchronized,Synthetic demonstration region,SYNTHETIC DATA — low_soil_moisture scenario
1b0b43f8-7f28-5027-8f2b-20d959fe651f,2026-04-26T12:00:00Z,DEMO-003,33.7,53.5,11.9,flowering,demonstration crop,synthetic,not_required_synthetic,synchronized,Synthetic demonstration region,SYNTHETIC DATA — low_soil_moisture scenario
2bd0818f-fa86-5848-a219-88b0483f586f,2026-04-26T18:00:00Z,DEMO-003,28.3,72.7,11.2,flowering,demonstration crop,synthetic,not_required_synthetic,synchronized,Synthetic demonstration region,SYNTHETIC DATA — low_soil_moisture scenario
a7340b86-a690-51cd-91f1-d5f7f3d98922,2026-04-27T00:00:00Z,DEMO-003,21.6,92.2,12.2,flowering,demonstration crop,synthetic,not_required_synthetic,synchronized,Synthetic demonstration region,SYNTHETIC DATA — low_soil_moisture scenario
0a5afbaf-6a8d-517a-bd94-09e5e28b18c9,2026-04-27T06:00:00Z,DEMO-003,27.6,72.6,11.7,flowering,demonstration crop,synthetic,not_required_synthetic,synchronized,Synthetic demonstration region,SYNTHETIC DATA — low_soil_moisture scenario
d368570c-8db3-51e5-93d6-2e98cc9f95ac,2026-04-27T12:00:00Z,DEMO-003,33.4,51.2,10.4,flowering,demonstration crop,synthetic,not_required_synthetic,synchronized,Synthetic demonstration region,SYNTHETIC DATA — low_soil_moisture scenario
4fc29dd1-5c7c-566a-910d-3f29281b212e,2026-04-27T18:00:00Z,DEMO-003,28.2,70.7,10.8,flowering,demonstration crop,synthetic,not_required_synthetic,synchronized,Synthetic demonstration region,SYNTHETIC DATA — low_soil_moisture scenario
18c6a504-6ce2-57c9-846e-4e83f3cc3b23,2026-04-28T00:00:00Z,DEMO-003,22.5,88.2,12.1,flowering,demonstration crop,synthetic,not_required_synthetic,synchronized,Synthetic demonstration region,SYNTHETIC DATA — low_soil_moisture scenario
ece9a649-6bd5-5ba4-85a1-5cf1c451c8cf,2026-04-28T06:00:00Z,DEMO-003,28.9,71.7,11.5,flowering,demonstration crop,synthetic,not_required_synthetic,synchronized,Synthetic demonstration region,SYNTHETIC DATA — low_soil_moisture scenario
033d75b2-527e-5ee4-9c8c-3016d44d52f0,2026-04-28T12:00:00Z,DEMO-003,33.7,56.7,10.6,flowering,demonstration crop,synthetic,not_required_synthetic,synchronized,Synthetic demonstration region,SYNTHETIC DATA — low_soil_moisture scenario
28e660b0-7b24-553e-bd48-1281b90e40b9,2026-04-28T18:00:00Z,DEMO-003,27.6,70.5,11.9,flowering,demonstration crop,synthetic,not_required_synthetic,synchronized,Synthetic demonstration region,SYNTHETIC DATA — low_soil_moisture scenario
3ae211ea-ee4f-528c-9acb-3408eda7a946,2026-04-29T00:00:00Z,DEMO-003,22.8,89.0,10.8,flowering,demonstration crop,synthetic,not_required_synthetic,synchronized,Synthetic demonstration region,SYNTHETIC DATA — low_soil_moisture scenario
61b5d7ed-0ffa-55d0-8282-e27208584f5a,2026-04-29T06:00:00Z,DEMO-003,27.6,72.8,12.0,flowering,demonstration crop,synthetic,not_required_synthetic,synchronized,Synthetic demonstration region,SYNTHETIC DATA — low_soil_moisture scenario
211f8091-9b56-5942-a3e0-ba6df2333caa,2026-04-29T12:00:00Z,DEMO-003,34.3,53.5,9.9,flowering,demonstration crop,synthetic,not_required_synthetic,synchronized,Synthetic demonstration region,SYNTHETIC DATA — low_soil_moisture scenario
efd62536-8066-5b7d-8d32-ef5a82f9f245,2026-04-29T18:00:00Z,DEMO-003,27.9,69.6,9.8,flowering,demonstration crop,synthetic,not_required_synthetic,synchronized,Synthetic demonstration region,SYNTHETIC DATA — low_soil_moisture scenario
bf612da2-40d1-5849-88d1-34c8d4f62c64,2026-04-30T00:00:00Z,DEMO-003,21.7,89.6,11.5,flowering,demonstration crop,synthetic,not_required_synthetic,synchronized,Synthetic demonstration region,SYNTHETIC DATA — low_soil_moisture scenario
d62a8636-e5bf-585d-b74e-85c598a7bc4f,2026-04-30T06:00:00Z,DEMO-003,28.4,72.4,10.5,flowering,demonstration crop,synthetic,not_required_synthetic,synchronized,Synthetic demonstration region,SYNTHETIC DATA — low_soil_moisture scenario
e533ffe0-e3f5-5c71-990d-4f062cf31448,2026-04-30T12:00:00Z,DEMO-003,33.7,53.3,11.1,flowering,demonstration crop,synthetic,not_required_synthetic,synchronized,Synthetic demonstration region,SYNTHETIC DATA — low_soil_moisture scenario
dd1f1e0c-9716-5678-9285-ca2c19c4b220,2026-04-30T18:00:00Z,DEMO-003,27.7,71.9,9.1,flowering,demonstration crop,synthetic,not_required_synthetic,synchronized,Synthetic demonstration region,SYNTHETIC DATA — low_soil_moisture scenario
